{
"type": "FeatureCollection",
"name": "thompson_nicola",
"crs": { "type": "name", "properties": { "name": "urn:ogc:def:crs:OGC:1.3:CRS84" } },
"features": [
{ "type": "Feature", "properties": { "GID_2": "CAN.2.28_1", "GID_0": "CAN", "COUNTRY": "Canada", "GID_1": "CAN.2_1", "NAME_1": "British Columbia", "NL_NAME_1": "NA", "NAME_2": "Thompson-Nicola", "VARNAME_2": "NA", "NL_NAME_2": "NA", "TYPE_2": "Regional District", "ENGTYPE_2": "Regional District", "CC_2": "33", "HASC_2": "CA.BC.TN" }, "geometry": { "type": "Polygon", "coordinates": [ [ [ -121.326546, 50.052654000000217 ], [ -121.335005720999888, 50.052659756000033 ], [ -121.338302612999939, 50.052661896000153 ], [ -121.338844298999888, 50.052661896000153 ], [ -121.339392121999936, 50.052659756000033 ], [ -121.339821, 50.052658000000129 ], [ -121.350576511999861, 50.052659752000118 ], [ -121.364379882999913, 50.052661896000153 ], [ -121.375366209999967, 50.052661896000153 ], [ -121.398699421999936, 50.052603015999978 ], [ -121.417694, 50.05255500000014 ], [ -121.442551, 50.05249 ], [ -121.442986, 50.05249 ], [ -121.443717999999876, 50.052486000000123 ], [ -121.464226, 50.052425 ], [ -121.466223443, 50.052420728000051 ], [ -121.467498778999925, 50.052417755000079 ], [ -121.5, 50.052310945000066 ], [ -121.500390377999906, 50.052309806000125 ], [ -121.503922, 50.052299 ], [ -121.52626, 50.052219 ], [ -121.533081, 50.052303 ], [ -121.536938496999937, 50.052350913000076 ], [ -121.540809631999863, 50.052398681000099 ], [ -121.541492417999962, 50.05240674700002 ], [ -121.541779, 50.05241 ], [ -121.542009956999905, 50.052412797 ], [ -121.54277, 50.052422000000114 ], [ -121.54287523, 50.052423586000046 ], [ -121.542969, 50.052425 ], [ -121.543083, 50.052425 ], [ -121.543738945999962, 50.052433238000013 ], [ -121.544357, 50.052441000000101 ], [ -121.544974179999954, 50.05244989800012 ], [ -121.545119999999841, 50.052452000000123 ], [ -121.545287364999979, 50.052453829 ], [ -121.545486448999952, 50.052455902000148 ], [ -121.54561614999993, 50.052459717000161 ], [ -121.546275408999918, 50.052467097000118 ], [ -121.546638, 50.052471000000125 ], [ -121.546897126999966, 50.052474395000175 ], [ -121.547554015999935, 50.05248260500008 ], [ -121.547645567999894, 50.05248260500008 ], [ -121.552452087999939, 50.052539825000075 ], [ -121.556144713999856, 50.052585602000192 ], [ -121.558790296, 50.052619058000126 ], [ -121.560066, 50.052635000000166 ], [ -121.562908705999973, 50.05262382300009 ], [ -121.563880920999907, 50.052619934000148 ], [ -121.564172267999879, 50.052618566000106 ], [ -121.565506, 50.052612 ], [ -121.576248, 50.051216000000188 ], [ -121.578414999999879, 50.051029 ], [ -121.58198924099996, 50.050720382000044 ], [ -121.590644836999957, 50.049972535000059 ], [ -121.599205015999928, 50.046218872000111 ], [ -121.601835024999943, 50.045277710000086 ], [ -121.605324, 50.044029000000144 ], [ -121.608941487999957, 50.042730792000107 ], [ -121.610245, 50.042263000000119 ], [ -121.617798, 50.045879 ], [ -121.623647122999898, 50.049486159000125 ], [ -121.62656402599994, 50.051284789000121 ], [ -121.626604664999888, 50.051300327000121 ], [ -121.626694, 50.051334 ], [ -121.629097287999926, 50.052223234000067 ], [ -121.629447935999963, 50.052352906000131 ], [ -121.629787223, 50.052350971000045 ], [ -121.631454, 50.052341000000219 ], [ -121.632124165999983, 50.05233930100011 ], [ -121.632636999999889, 50.052338000000127 ], [ -121.633691919999919, 50.052892684000042 ], [ -121.635117, 50.05364200000021 ], [ -121.635476916999963, 50.053832452000165 ], [ -121.635802999999882, 50.054005 ], [ -121.635864, 50.054783 ], [ -121.636108, 50.057949 ], [ -121.636291779999894, 50.058105136000144 ], [ -121.636466999999868, 50.058254 ], [ -121.637505, 50.059139 ], [ -121.641275610999912, 50.058621095000149 ], [ -121.641502, 50.058590000000201 ], [ -121.649986, 50.060387000000183 ], [ -121.650254963999899, 50.060442250000122 ], [ -121.650429, 50.060478 ], [ -121.65387, 50.061306000000158 ], [ -121.655106, 50.062706000000134 ], [ -121.656029, 50.063751000000117 ], [ -121.656238579999922, 50.063809508000212 ], [ -121.656509, 50.063885 ], [ -121.661705, 50.06535 ], [ -121.661489917999916, 50.065643794000138 ], [ -121.661041258999958, 50.066257478000068 ], [ -121.660259652999912, 50.06734046800014 ], [ -121.660141, 50.067505 ], [ -121.657715, 50.068306 ], [ -121.656791155999898, 50.069491856000091 ], [ -121.65506744399994, 50.071704864000125 ], [ -121.656793859999937, 50.074248362000034 ], [ -121.658066, 50.076122000000133 ], [ -121.657433, 50.077679 ], [ -121.657661407, 50.078169920000178 ], [ -121.65787506099997, 50.078628540000082 ], [ -121.658048793999967, 50.079000825000065 ], [ -121.658463, 50.079887 ], [ -121.659812236999926, 50.08036328400005 ], [ -121.660377502999893, 50.080562591000152 ], [ -121.661015231999897, 50.08078761 ], [ -121.662658999999849, 50.081367000000178 ], [ -121.665565, 50.08123 ], [ -121.666076151999945, 50.08120617300014 ], [ -121.666702270999949, 50.081176757000129 ], [ -121.666907209, 50.081102752000163 ], [ -121.667252, 50.080978000000151 ], [ -121.668872482999987, 50.08040056000015 ], [ -121.671425, 50.079491 ], [ -121.673217989999941, 50.079186988000089 ], [ -121.67379, 50.07909 ], [ -121.676163, 50.078693 ], [ -121.679461236999899, 50.078886914000151 ], [ -121.682014465999956, 50.079036712000097 ], [ -121.687286375999975, 50.075969696000179 ], [ -121.688537597, 50.075786590000142 ], [ -121.690628051999965, 50.075477600000163 ], [ -121.696113586999957, 50.076236726000111 ], [ -121.698165892999938, 50.075675965000102 ], [ -121.698989866999909, 50.075450897000145 ], [ -121.699871979999898, 50.075422097000107 ], [ -121.703079, 50.075317 ], [ -121.703285, 50.075439000000117 ], [ -121.70436413699997, 50.076065991000057 ], [ -121.705223, 50.076565 ], [ -121.705758700999979, 50.078003528000046 ], [ -121.707313999999869, 50.082180000000122 ], [ -121.709549637999942, 50.083462887000202 ], [ -121.714973448999899, 50.086574555000027 ], [ -121.726600645999937, 50.08713150100013 ], [ -121.728072716999975, 50.087470261000071 ], [ -121.728424, 50.087551 ], [ -121.731438, 50.088249000000133 ], [ -121.731537, 50.088249000000133 ], [ -121.737534, 50.088287 ], [ -121.747542999999894, 50.090473000000102 ], [ -121.748360296999934, 50.090651671000046 ], [ -121.749359129999945, 50.090869904000044 ], [ -121.751045225999974, 50.092418671000061 ], [ -121.753837584999971, 50.09270858800015 ], [ -121.757070701999965, 50.092473511000115 ], [ -121.757668, 50.09243 ], [ -121.759132, 50.092327000000218 ], [ -121.761264000999915, 50.091665882000036 ], [ -121.764739999999847, 50.090588000000182 ], [ -121.768119999999897, 50.089539 ], [ -121.771645, 50.089230000000107 ], [ -121.775929859999962, 50.088855313000025 ], [ -121.778152, 50.088661000000108 ], [ -121.778225962999969, 50.088689590000207 ], [ -121.779830932999957, 50.089309693000175 ], [ -121.78310609499988, 50.089057611000122 ], [ -121.786423, 50.088802 ], [ -121.791183, 50.090694000000127 ], [ -121.793411, 50.090446000000156 ], [ -121.793968, 50.090385 ], [ -121.801537, 50.085506000000152 ], [ -121.805358999999896, 50.08450300000019 ], [ -121.808459787999951, 50.083690134000044 ], [ -121.808487, 50.083683000000136 ], [ -121.812027, 50.083454000000202 ], [ -121.813509436999936, 50.083357148000154 ], [ -121.814476013999979, 50.083293914000059 ], [ -121.815283279999903, 50.082903163 ], [ -121.817345, 50.081905 ], [ -121.820789693999984, 50.081572555000051 ], [ -121.823188781999988, 50.08134079000012 ], [ -121.827392579, 50.079669952000152 ], [ -121.829263208999919, 50.078924316000055 ], [ -121.829575, 50.0788 ], [ -121.836823, 50.079124 ], [ -121.83904299999989, 50.078098 ], [ -121.840880719999973, 50.078178713000085 ], [ -121.842094420999956, 50.078231812000148 ], [ -121.842666626999986, 50.078258515000122 ], [ -121.842742920999967, 50.078235627000055 ], [ -121.846031296999897, 50.077244610000164 ], [ -121.848312, 50.076557 ], [ -121.849701, 50.075649000000134 ], [ -121.849648, 50.075508000000163 ], [ -121.848839038999984, 50.073383102000015 ], [ -121.852737, 50.069523 ], [ -121.853149, 50.069115 ], [ -121.851371999999856, 50.067101 ], [ -121.849789271999896, 50.065311429000189 ], [ -121.848625202999884, 50.063995229000199 ], [ -121.848672354999977, 50.063665165000018 ], [ -121.84874, 50.063194 ], [ -121.848801, 50.06274 ], [ -121.85023633999991, 50.061765325000046 ], [ -121.85227203399991, 50.060382843000042 ], [ -121.852475594999916, 50.060244396000094 ], [ -121.853499999999869, 50.059547 ], [ -121.855629, 50.058998000000109 ], [ -121.856078945999897, 50.057800144000105 ], [ -121.855140686999903, 50.056896210000147 ], [ -121.851755804999982, 50.053645288000091 ], [ -121.851189038999905, 50.053100952000186 ], [ -121.851662, 50.052521000000141 ], [ -121.852012995999928, 50.052082004000141 ], [ -121.853683, 50.051834000000134 ], [ -121.853996, 50.051689 ], [ -121.8550600599999, 50.05119768100019 ], [ -121.855903624999868, 50.050807953999971 ], [ -121.856620788999962, 50.048770904 ], [ -121.857383729, 50.048027039000054 ], [ -121.858727, 50.046726000000156 ], [ -121.863067999999814, 50.047054 ], [ -121.863170423999961, 50.047060716000111 ], [ -121.86319, 50.047062 ], [ -121.86523446899993, 50.047939305000028 ], [ -121.866364, 50.048424 ], [ -121.866742832999932, 50.048726903000038 ], [ -121.868225, 50.049912 ], [ -121.869338871999958, 50.050804439000174 ], [ -121.869552813999903, 50.050975851000125 ], [ -121.871353148999958, 50.051429748000146 ], [ -121.87233053499989, 50.051674095000195 ], [ -121.873047, 50.051853000000186 ], [ -121.874846185999957, 50.051456492000021 ], [ -121.878601, 50.05062900000015 ], [ -121.87925, 50.050896000000186 ], [ -121.881027, 50.051636000000144 ], [ -121.886971, 50.051182 ], [ -121.888619255, 50.050731932000097 ], [ -121.889724999999885, 50.050430000000134 ], [ -121.890989710999918, 50.050086313000044 ], [ -121.892334, 50.049721000000105 ], [ -121.894342014999893, 50.049871263000071 ], [ -121.896049296999948, 50.049999222000061 ], [ -121.900154, 50.053070000000119 ], [ -121.900240636999925, 50.053134628000073 ], [ -121.90065, 50.05344000000018 ], [ -121.901057380999973, 50.053425601000129 ], [ -121.902687072, 50.053367614000102 ], [ -121.903373422999962, 50.052920160000141 ], [ -121.904068, 50.052467000000135 ], [ -121.906016472, 50.053032771000147 ], [ -121.907722, 50.053528 ], [ -121.90892, 50.053875000000112 ], [ -121.910606, 50.055119 ], [ -121.910751, 50.059124000000125 ], [ -121.912363097999886, 50.06114640600007 ], [ -121.912743, 50.061623000000118 ], [ -121.91283633099998, 50.063190800000164 ], [ -121.91285705599995, 50.063537598 ], [ -121.915029912999969, 50.066005795000123 ], [ -121.915215, 50.066216000000132 ], [ -121.918335, 50.069843 ], [ -121.918906587, 50.070564854000104 ], [ -121.9197311409999, 50.071605684000083 ], [ -121.919914894999906, 50.071837143000074 ], [ -121.920128, 50.072105000000199 ], [ -121.922523, 50.072212 ], [ -121.924965, 50.072319000000142 ], [ -121.925212505999909, 50.072493911000116 ], [ -121.926055906999977, 50.073089600999985 ], [ -121.928153990999917, 50.074573518000093 ], [ -121.92963426699994, 50.074551813000056 ], [ -121.93075599999986, 50.074535000000175 ], [ -121.932619109999919, 50.074507386000178 ], [ -121.935074, 50.074471000000202 ], [ -121.935197776999928, 50.07459838000004 ], [ -121.935555, 50.074966 ], [ -121.936294999999845, 50.075722000000127 ], [ -121.936044225, 50.077118032000129 ], [ -121.935951232999926, 50.077636719000125 ], [ -121.937622051999895, 50.078329579000126 ], [ -121.937874, 50.078434000000193 ], [ -121.939789, 50.079227 ], [ -121.944367197999952, 50.079255840999984 ], [ -121.944709778999936, 50.079257964999989 ], [ -121.946723938, 50.07893753000009 ], [ -121.947905470999956, 50.078749559000073 ], [ -121.948235, 50.078697 ], [ -121.94954458299992, 50.079319753000156 ], [ -121.950851, 50.079941 ], [ -121.95194848899996, 50.082156725000083 ], [ -121.952385, 50.083038 ], [ -121.952194213999974, 50.0837173460001 ], [ -121.950790405999911, 50.088672638000183 ], [ -121.953133735, 50.090642302000056 ], [ -121.953613, 50.091045000000157 ], [ -121.956497, 50.091148000000146 ], [ -121.957878, 50.089943000000126 ], [ -121.957901, 50.088104 ], [ -121.957902178, 50.088036034000091 ], [ -121.957924, 50.086777000000197 ], [ -121.959572, 50.08503 ], [ -121.964652999999899, 50.082905 ], [ -121.965714839999933, 50.082852027000065 ], [ -121.967339, 50.082771 ], [ -121.96996130399998, 50.082637942000197 ], [ -121.970039, 50.082634 ], [ -121.970131, 50.082676000000134 ], [ -121.970240354999987, 50.082724477000156 ], [ -121.972565, 50.083755 ], [ -121.973235213999899, 50.083654711000015 ], [ -121.973808289999965, 50.083568574000097 ], [ -121.974235534999977, 50.083503724000053 ], [ -121.976440429999968, 50.081878663000154 ], [ -121.981339, 50.08041 ], [ -121.984977999999828, 50.081165000000162 ], [ -121.986315426999909, 50.080724010000147 ], [ -121.986458, 50.080677000000101 ], [ -121.988581673999931, 50.081485063000102 ], [ -121.990479, 50.082207 ], [ -121.991023630999905, 50.082895051 ], [ -121.991378782999888, 50.083343506000119 ], [ -121.991668111999957, 50.083704661000084 ], [ -121.99247, 50.084705000000135 ], [ -121.997810120999944, 50.084667208000042 ], [ -121.997999433999965, 50.084992827000072 ], [ -121.998085, 50.08514 ], [ -121.998293353999941, 50.085503155000019 ], [ -121.999046325, 50.086814881000208 ], [ -121.999603270999955, 50.087078094000056 ], [ -121.999877677999947, 50.087207382000123 ], [ -122.0, 50.087265000000109 ], [ -122.000999, 50.087734000000111 ], [ -122.001297, 50.087875 ], [ -122.002804789999928, 50.08789164900012 ], [ -122.004829208, 50.087913511000124 ], [ -122.004903064999894, 50.087740109000052 ], [ -122.005012999999835, 50.087482 ], [ -122.00573, 50.085815000000153 ], [ -122.00681768499993, 50.085523279000114 ], [ -122.007378, 50.085373000000182 ], [ -122.010536, 50.08453 ], [ -122.012991395999961, 50.084662817000158 ], [ -122.018356, 50.084953 ], [ -122.021828, 50.085735 ], [ -122.023766, 50.086174 ], [ -122.024933, 50.087639 ], [ -122.026421, 50.089504 ], [ -122.029999, 50.092228 ], [ -122.031608634999941, 50.094253540000075 ], [ -122.034155956999925, 50.094265370000194 ], [ -122.036537, 50.094276000000129 ], [ -122.037933, 50.094814 ], [ -122.03865815999994, 50.095092426 ], [ -122.039902, 50.09557000000013 ], [ -122.039960609999966, 50.09566855000012 ], [ -122.040916, 50.097275000000153 ], [ -122.04115205899997, 50.097677520000062 ], [ -122.041245, 50.097836 ], [ -122.04229, 50.099144 ], [ -122.044998163999935, 50.099903106000163 ], [ -122.052238, 50.104576 ], [ -122.053238355999966, 50.106585795000022 ], [ -122.053779924999958, 50.107673849000143 ], [ -122.05433760399994, 50.108024621000055 ], [ -122.056411999999895, 50.109329 ], [ -122.057068, 50.109745 ], [ -122.056, 50.11250300000011 ], [ -122.056046, 50.112804 ], [ -122.056411999999895, 50.11507 ], [ -122.056614423, 50.115229110000072 ], [ -122.056641, 50.11525 ], [ -122.056773215999939, 50.115355293000178 ], [ -122.05835, 50.116611 ], [ -122.061806, 50.117424 ], [ -122.063034431999938, 50.118326446000033 ], [ -122.067450999999892, 50.12157100000011 ], [ -122.066177, 50.122898 ], [ -122.066833, 50.1239050000001 ], [ -122.068184, 50.125992000000188 ], [ -122.068637554999938, 50.126155250000096 ], [ -122.069411999999872, 50.126434000000117 ], [ -122.069636162999871, 50.12651397200019 ], [ -122.07015228199991, 50.126697540000052 ], [ -122.074913024999944, 50.125270844000148 ], [ -122.079772949999963, 50.123813630000022 ], [ -122.082626343999877, 50.122024536000133 ], [ -122.083391678999988, 50.121544374000045 ], [ -122.083824, 50.121273000000187 ], [ -122.085052, 50.121456000000194 ], [ -122.087273, 50.121788 ], [ -122.088699, 50.122768000000221 ], [ -122.089348, 50.123207000000122 ], [ -122.095985, 50.125072 ], [ -122.099136, 50.124630000000103 ], [ -122.100070312999947, 50.123335977 ], [ -122.100136, 50.123245 ], [ -122.101904806, 50.122659150000032 ], [ -122.103279113999861, 50.122203827000142 ], [ -122.104461669999964, 50.120761872000159 ], [ -122.104431598999895, 50.120317244000134 ], [ -122.104408, 50.119972000000139 ], [ -122.104381558999918, 50.119534565000116 ], [ -122.10434, 50.118847000000102 ], [ -122.105641591, 50.117522220000154 ], [ -122.106529, 50.116619000000213 ], [ -122.108819698, 50.115683257000128 ], [ -122.109283447999985, 50.115493775000083 ], [ -122.1142807, 50.113449097000199 ], [ -122.11472342499998, 50.111609204000075 ], [ -122.114868, 50.111008 ], [ -122.11504399599994, 50.110276004000092 ], [ -122.115578, 50.108055 ], [ -122.116409, 50.107632000000187 ], [ -122.125510999999889, 50.110283000000123 ], [ -122.127650031999977, 50.110907172000083 ], [ -122.128609, 50.11118700000015 ], [ -122.130409, 50.112190000000183 ], [ -122.131149, 50.11260200000013 ], [ -122.13208, 50.111942000000127 ], [ -122.132339, 50.111755 ], [ -122.134382484999946, 50.111870918000044 ], [ -122.136993408999942, 50.112018585000101 ], [ -122.138726560999942, 50.111619234000052 ], [ -122.141182, 50.111053 ], [ -122.145614881999975, 50.110036837000116 ], [ -122.145889, 50.109974 ], [ -122.148895, 50.110970000000108 ], [ -122.149820776999945, 50.111274041000186 ], [ -122.150658, 50.111549 ], [ -122.152779, 50.114197000000139 ], [ -122.153048287, 50.114532711000145 ], [ -122.153228759999976, 50.114757538000156 ], [ -122.154326326, 50.114769468000055 ], [ -122.155334, 50.11478 ], [ -122.15937, 50.114826000000171 ], [ -122.163429, 50.113182 ], [ -122.166276456999981, 50.113210013000135 ], [ -122.170036149999916, 50.113246916000023 ], [ -122.176017999999829, 50.109905000000175 ], [ -122.178711, 50.109764 ], [ -122.18055, 50.110359000000194 ], [ -122.181236, 50.11058 ], [ -122.187111315999928, 50.110048453000125 ], [ -122.189957, 50.109791000000129 ], [ -122.191436026999895, 50.110070514000157 ], [ -122.196312, 50.110992000000195 ], [ -122.197975414, 50.110826086000117 ], [ -122.198257446999904, 50.110797883000053 ], [ -122.199577331999919, 50.110839845000065 ], [ -122.204490661999969, 50.110984802000139 ], [ -122.205414564999913, 50.11069976900005 ], [ -122.205566, 50.110653000000177 ], [ -122.210869, 50.109016000000139 ], [ -122.215935108999986, 50.109964733 ], [ -122.219856, 50.110699 ], [ -122.222167999999854, 50.11113 ], [ -122.222595, 50.111111 ], [ -122.229827999999827, 50.110825 ], [ -122.229813, 50.110861000000163 ], [ -122.229797, 50.110901000000169 ], [ -122.229408, 50.112019 ], [ -122.22876, 50.11260600000017 ], [ -122.227958999999871, 50.113331 ], [ -122.227715, 50.113556 ], [ -122.227463, 50.113785000000142 ], [ -122.226848, 50.114268000000131 ], [ -122.226424999999892, 50.11460100000015 ], [ -122.22533, 50.115463 ], [ -122.224831, 50.115856000000129 ], [ -122.224541, 50.116131000000152 ], [ -122.223762999999892, 50.116871 ], [ -122.223618, 50.117008 ], [ -122.223522, 50.117099000000103 ], [ -122.223381, 50.117233000000212 ], [ -122.223327, 50.11738 ], [ -122.223206, 50.117706 ], [ -122.223167, 50.117817000000144 ], [ -122.223106, 50.117992 ], [ -122.222946, 50.118423 ], [ -122.222903, 50.118466 ], [ -122.222878, 50.118492 ], [ -122.222799, 50.11858 ], [ -122.222778, 50.118603000000135 ], [ -122.222626, 50.1187550000001 ], [ -122.222054, 50.118881000000137 ], [ -122.221992, 50.118896000000113 ], [ -122.221923999999873, 50.118896000000113 ], [ -122.22187, 50.118938000000199 ], [ -122.221551, 50.119087 ], [ -122.221343999999874, 50.119183 ], [ -122.221298, 50.1192670000001 ], [ -122.221237, 50.119473000000113 ], [ -122.221204, 50.119497 ], [ -122.221191, 50.119507 ], [ -122.22154, 50.119855 ], [ -122.221802, 50.120117 ], [ -122.22229, 50.120483000000164 ], [ -122.222381, 50.12072 ], [ -122.222595, 50.121277000000156 ], [ -122.222662, 50.121409 ], [ -122.222733, 50.121548 ], [ -122.222821, 50.121788 ], [ -122.222885, 50.12196 ], [ -122.223029, 50.122141000000148 ], [ -122.223206, 50.122364000000132 ], [ -122.223572, 50.122925 ], [ -122.223687, 50.123074 ], [ -122.224792, 50.124512 ], [ -122.225891, 50.126526 ], [ -122.226196, 50.126709000000112 ], [ -122.226378999999881, 50.126793000000141 ], [ -122.226685, 50.126934000000119 ], [ -122.226814, 50.127008 ], [ -122.227058, 50.127148 ], [ -122.227095999999889, 50.127152000000194 ], [ -122.227126999999896, 50.127155 ], [ -122.227783, 50.127235000000127 ], [ -122.228217999999899, 50.127285 ], [ -122.228477, 50.12721 ], [ -122.231124999999849, 50.126446 ], [ -122.2313, 50.126394000000147 ], [ -122.231514, 50.126331000000143 ], [ -122.231563, 50.126318000000168 ], [ -122.231613, 50.126305000000137 ], [ -122.234653, 50.125751 ], [ -122.236076, 50.125492000000165 ], [ -122.236788, 50.125550000000125 ], [ -122.238434, 50.125683000000144 ], [ -122.238557, 50.125711 ], [ -122.238602, 50.125721 ], [ -122.238768, 50.125761 ], [ -122.240173, 50.12609900000016 ], [ -122.240446, 50.126140000000106 ], [ -122.240631, 50.126167 ], [ -122.241402, 50.126339 ], [ -122.241936, 50.126472 ], [ -122.24261499999983, 50.126709000000112 ], [ -122.243103, 50.126892000000161 ], [ -122.244148, 50.126579 ], [ -122.244216, 50.126567000000151 ], [ -122.244293, 50.126553 ], [ -122.24498, 50.126183000000118 ], [ -122.245392, 50.125958 ], [ -122.245483, 50.125908000000109 ], [ -122.245536, 50.125885000000174 ], [ -122.245888, 50.125729 ], [ -122.246407, 50.125498000000107 ], [ -122.246422, 50.12549200000015 ], [ -122.247375, 50.125488000000182 ], [ -122.247986, 50.125305 ], [ -122.24939, 50.125122 ], [ -122.249625, 50.12505 ], [ -122.250679, 50.12472900000013 ], [ -122.250785999999877, 50.124706 ], [ -122.251206, 50.124538 ], [ -122.252044999999896, 50.124203 ], [ -122.252454999999884, 50.124037 ], [ -122.252846, 50.123878 ], [ -122.252892, 50.123859 ], [ -122.254533, 50.122905000000181 ], [ -122.255836, 50.122147000000197 ], [ -122.255875, 50.122124 ], [ -122.256011, 50.122219000000101 ], [ -122.258423, 50.123901000000167 ], [ -122.258568, 50.123901000000146 ], [ -122.266616999999883, 50.131149000000207 ], [ -122.267828571999928, 50.132242823000169 ], [ -122.268181, 50.132561 ], [ -122.268880625999927, 50.13336184400012 ], [ -122.273766, 50.138954 ], [ -122.275955201, 50.14146423500015 ], [ -122.275810240999988, 50.141590118000018 ], [ -122.274963379, 50.142314912000103 ], [ -122.271194540999872, 50.145538260000222 ], [ -122.284584, 50.151966000000179 ], [ -122.284823205999942, 50.152081347000127 ], [ -122.286269999999888, 50.152779 ], [ -122.287556297999913, 50.154162391000142 ], [ -122.287978999999893, 50.154617 ], [ -122.290885999999844, 50.157753 ], [ -122.298363, 50.174034 ], [ -122.298746367999982, 50.173998104000077 ], [ -122.300231932999964, 50.173858643000209 ], [ -122.313469899, 50.172608853000142 ], [ -122.313606, 50.172596002000049 ], [ -122.315498, 50.182915000000115 ], [ -122.316322, 50.187401000000122 ], [ -122.312682286999973, 50.188755669000152 ], [ -122.301636043999949, 50.192867167000131 ], [ -122.302810999999892, 50.197361000000129 ], [ -122.3032, 50.198860000000138 ], [ -122.299828, 50.199905 ], [ -122.299362, 50.20005 ], [ -122.299278, 50.200073000000138 ], [ -122.295082, 50.201374000000122 ], [ -122.294943763999925, 50.20136097000011 ], [ -122.293671, 50.201241000000131 ], [ -122.291329810999954, 50.201016115000066 ], [ -122.290527343999884, 50.200939179000095 ], [ -122.283439981999962, 50.200264011000037 ], [ -122.278061, 50.203587 ], [ -122.277947911999931, 50.205650669000065 ], [ -122.277473, 50.214317 ], [ -122.273522222999915, 50.216633263000162 ], [ -122.270432, 50.218445 ], [ -122.269165, 50.219189000000185 ], [ -122.268916433999877, 50.219838456000048 ], [ -122.267822312999954, 50.222698086000037 ], [ -122.270334575, 50.223384167000034 ], [ -122.272293090999923, 50.22391891600018 ], [ -122.275100707999954, 50.224685669000152 ], [ -122.284604986999966, 50.224218658999924 ], [ -122.286591, 50.224121000000153 ], [ -122.298309, 50.228973000000167 ], [ -122.299164, 50.229328 ], [ -122.299545, 50.229351000000172 ], [ -122.299718776999953, 50.229361768 ], [ -122.301643, 50.229481000000149 ], [ -122.300957, 50.231632 ], [ -122.300941, 50.231697000000167 ], [ -122.300842, 50.232018 ], [ -122.300529, 50.233334 ], [ -122.300507, 50.233440000000165 ], [ -122.298714, 50.234535 ], [ -122.29808, 50.234909000000201 ], [ -122.297134, 50.235466 ], [ -122.296051, 50.237095000000181 ], [ -122.295639, 50.238590000000102 ], [ -122.295974999999885, 50.239971000000153 ], [ -122.296913, 50.241653 ], [ -122.298179999999874, 50.24313 ], [ -122.300034, 50.244373 ], [ -122.301498, 50.245831 ], [ -122.302536, 50.247463000000124 ], [ -122.302734, 50.247768 ], [ -122.303093, 50.248333 ], [ -122.30307, 50.248558 ], [ -122.303032, 50.248871 ], [ -122.302986, 50.249100000000162 ], [ -122.301757999999822, 50.250053000000179 ], [ -122.301643, 50.25013700000018 ], [ -122.301567, 50.250198 ], [ -122.299469, 50.251713000000173 ], [ -122.298224999999874, 50.252441 ], [ -122.297188, 50.252895 ], [ -122.296684, 50.253117 ], [ -122.295616, 50.253582 ], [ -122.29361, 50.253979000000122 ], [ -122.292664, 50.254013 ], [ -122.292549, 50.254017 ], [ -122.291763, 50.254047000000185 ], [ -122.291061, 50.254234 ], [ -122.290527, 50.254543 ], [ -122.290352, 50.254642 ], [ -122.289185, 50.255314 ], [ -122.286385, 50.255699000000135 ], [ -122.282272, 50.255936000000204 ], [ -122.277298, 50.256683000000137 ], [ -122.276413, 50.25716 ], [ -122.27636, 50.257191000000113 ], [ -122.274947999999867, 50.257961 ], [ -122.273331, 50.259270000000193 ], [ -122.27323899999989, 50.259342 ], [ -122.272362, 50.25985 ], [ -122.272308, 50.259876 ], [ -122.271935, 50.260094000000144 ], [ -122.271896, 50.260098 ], [ -122.271347, 50.260151 ], [ -122.269928, 50.259911000000109 ], [ -122.269569, 50.25985 ], [ -122.269493, 50.259830000000107 ], [ -122.269188, 50.259754 ], [ -122.268929, 50.259689 ], [ -122.267509, 50.258892000000159 ], [ -122.264831999999899, 50.258377000000195 ], [ -122.264091, 50.258507000000137 ], [ -122.262848, 50.258720000000167 ], [ -122.262527, 50.258919 ], [ -122.262375, 50.259014000000114 ], [ -122.261611999999886, 50.259991000000106 ], [ -122.261177, 50.260437 ], [ -122.261017, 50.260609000000123 ], [ -122.260384, 50.261261 ], [ -122.259200999999891, 50.262943000000142 ], [ -122.259003, 50.263226 ], [ -122.258476, 50.263973 ], [ -122.258362, 50.264065 ], [ -122.25795, 50.264374 ], [ -122.256659999999897, 50.264885 ], [ -122.256492999999878, 50.264954000000117 ], [ -122.255234, 50.265457000000126 ], [ -122.253821999999843, 50.266243000000138 ], [ -122.251846, 50.267303 ], [ -122.251511, 50.267490000000137 ], [ -122.250327999999897, 50.268127 ], [ -122.250076, 50.268364000000105 ], [ -122.249939, 50.268494 ], [ -122.249886, 50.268543000000207 ], [ -122.249763, 50.268806 ], [ -122.249747999999897, 50.268845000000155 ], [ -122.249352, 50.269718 ], [ -122.24736, 50.271103000000103 ], [ -122.246063, 50.271641 ], [ -122.245964, 50.271679000000191 ], [ -122.24514, 50.272018000000102 ], [ -122.243408, 50.273174 ], [ -122.243256, 50.273277000000114 ], [ -122.242493, 50.273533 ], [ -122.239861, 50.274403000000127 ], [ -122.236243999999886, 50.274651 ], [ -122.234755999999877, 50.274647 ], [ -122.234398, 50.274902 ], [ -122.234314, 50.276196000000155 ], [ -122.234879, 50.277199000000145 ], [ -122.235023, 50.277458000000138 ], [ -122.235427999999885, 50.278183 ], [ -122.237129, 50.280380000000157 ], [ -122.237114, 50.280537000000116 ], [ -122.237099, 50.280739000000132 ], [ -122.237083, 50.280937 ], [ -122.236504, 50.281769000000139 ], [ -122.23597, 50.282528 ], [ -122.235931, 50.283596 ], [ -122.235923999999898, 50.283882000000162 ], [ -122.235916, 50.28413 ], [ -122.235923999999898, 50.284191000000156 ], [ -122.235923999999898, 50.284294000000173 ], [ -122.23597, 50.285061 ], [ -122.2369, 50.286564 ], [ -122.237816, 50.287437000000111 ], [ -122.237876999999898, 50.287468 ], [ -122.238235, 50.287647 ], [ -122.240425, 50.28874200000012 ], [ -122.243614, 50.28981 ], [ -122.244774, 50.290432000000102 ], [ -122.245605, 50.290874000000159 ], [ -122.246208, 50.291302 ], [ -122.246429, 50.291458000000148 ], [ -122.246871999999868, 50.292152000000193 ], [ -122.247765, 50.293549000000127 ], [ -122.248093, 50.294582000000183 ], [ -122.248131, 50.294708 ], [ -122.248672, 50.296417 ], [ -122.24881, 50.298290000000208 ], [ -122.248817, 50.298397 ], [ -122.249115, 50.302383 ], [ -122.249481, 50.304070000000216 ], [ -122.249092, 50.30542 ], [ -122.248894, 50.305515 ], [ -122.247826, 50.306007 ], [ -122.246315, 50.306705000000107 ], [ -122.243201999999897, 50.308189000000141 ], [ -122.240471, 50.309181000000116 ], [ -122.239861, 50.309467 ], [ -122.239731, 50.30952500000015 ], [ -122.238358, 50.31015400000021 ], [ -122.236992, 50.311874 ], [ -122.23703, 50.312271000000223 ], [ -122.237038, 50.312359000000193 ], [ -122.237106, 50.313061000000161 ], [ -122.238365, 50.314274000000161 ], [ -122.239753999999891, 50.314941000000125 ], [ -122.241928, 50.315357000000134 ], [ -122.243233, 50.316097 ], [ -122.243271, 50.316162000000112 ], [ -122.243469, 50.316471000000114 ], [ -122.243141, 50.318169000000111 ], [ -122.242293999999887, 50.318909000000218 ], [ -122.241814, 50.319328 ], [ -122.241371, 50.320881 ], [ -122.241782999999884, 50.321739 ], [ -122.241722, 50.321842 ], [ -122.24157, 50.322083 ], [ -122.239647, 50.322853000000194 ], [ -122.239281, 50.322929000000116 ], [ -122.237410999999838, 50.323322 ], [ -122.236015, 50.323803000000105 ], [ -122.235435, 50.324005000000163 ], [ -122.233924999999871, 50.324520000000128 ], [ -122.229744, 50.325047 ], [ -122.228859, 50.325157 ], [ -122.226227, 50.325489000000196 ], [ -122.224808, 50.325512000000131 ], [ -122.224533, 50.32552 ], [ -122.22176399999988, 50.325565 ], [ -122.217903, 50.325348 ], [ -122.216904, 50.325375 ], [ -122.216736, 50.3253780000001 ], [ -122.215973, 50.325397000000159 ], [ -122.215775, 50.325470000000173 ], [ -122.215439, 50.3256 ], [ -122.214882, 50.325806000000128 ], [ -122.214569, 50.32608 ], [ -122.214386, 50.326241 ], [ -122.214027, 50.32798800000019 ], [ -122.213959, 50.329857 ], [ -122.213959, 50.32991 ], [ -122.213966, 50.330090000000141 ], [ -122.213997, 50.331619 ], [ -122.213371, 50.332684 ], [ -122.212204, 50.333344 ], [ -122.212051, 50.333374000000113 ], [ -122.211174, 50.333550000000137 ], [ -122.207061999999894, 50.334106 ], [ -122.205818, 50.334278000000126 ], [ -122.205643, 50.33433200000016 ], [ -122.204399, 50.334702 ], [ -122.203369, 50.335361 ], [ -122.202483999999899, 50.336311 ], [ -122.201972999999896, 50.336864 ], [ -122.201866, 50.337036 ], [ -122.201842999999883, 50.337074 ], [ -122.201476999999898, 50.337658 ], [ -122.201065, 50.337864000000195 ], [ -122.201019, 50.337887000000116 ], [ -122.200928, 50.337933000000184 ], [ -122.199402, 50.338085000000163 ], [ -122.199356, 50.338089000000117 ], [ -122.198729999999898, 50.338104000000158 ], [ -122.198448, 50.338112 ], [ -122.196716, 50.33815 ], [ -122.193863, 50.338783 ], [ -122.193779, 50.338802000000122 ], [ -122.192924, 50.338951 ], [ -122.191733999999897, 50.339161 ], [ -122.190857, 50.338951 ], [ -122.189766, 50.338509000000101 ], [ -122.18911, 50.338238 ], [ -122.188652, 50.338055000000224 ], [ -122.185165, 50.336536000000102 ], [ -122.183525, 50.335701 ], [ -122.182884, 50.335377000000165 ], [ -122.18264, 50.335247 ], [ -122.180771, 50.33468600000014 ], [ -122.180244, 50.334614 ], [ -122.179901, 50.334568000000203 ], [ -122.177826, 50.334854000000178 ], [ -122.176688999999897, 50.335011000000179 ], [ -122.175896, 50.335121 ], [ -122.173843, 50.335030000000238 ], [ -122.171913, 50.335442000000178 ], [ -122.170699999999897, 50.336754000000134 ], [ -122.170288, 50.3372 ], [ -122.169975, 50.338085000000163 ], [ -122.169731, 50.33878700000016 ], [ -122.169822999999894, 50.339283000000179 ], [ -122.170113, 50.340832 ], [ -122.169472, 50.342037 ], [ -122.168563999999833, 50.343739 ], [ -122.168036999999899, 50.344620000000177 ], [ -122.167427, 50.34565400000011 ], [ -122.166878, 50.346378000000101 ], [ -122.166573, 50.346516000000207 ], [ -122.1661, 50.346725 ], [ -122.164848, 50.346958000000164 ], [ -122.163574, 50.34719800000012 ], [ -122.161224, 50.347702 ], [ -122.161040999999898, 50.34779 ], [ -122.160446, 50.348068000000168 ], [ -122.158974, 50.348763000000176 ], [ -122.157516, 50.349243 ], [ -122.156333999999887, 50.34943 ], [ -122.156203999999889, 50.349449 ], [ -122.154465, 50.349842000000159 ], [ -122.153976, 50.350037 ], [ -122.15377, 50.350117000000104 ], [ -122.153259, 50.350624 ], [ -122.153205999999884, 50.35067 ], [ -122.15239, 50.351479 ], [ -122.152451, 50.351643000000188 ], [ -122.152496, 50.351757000000191 ], [ -122.152573, 50.351959 ], [ -122.153389, 50.353500000000196 ], [ -122.153449999999864, 50.354019000000193 ], [ -122.152573, 50.354881 ], [ -122.152344, 50.355099000000195 ], [ -122.152184, 50.355255 ], [ -122.151436, 50.355728000000155 ], [ -122.151131, 50.356342 ], [ -122.150436, 50.357731000000108 ], [ -122.147995, 50.359261 ], [ -122.144835999999898, 50.360348000000165 ], [ -122.146248, 50.362099 ], [ -122.147064, 50.363525000000152 ], [ -122.147330999999895, 50.363991000000119 ], [ -122.147644, 50.364578000000158 ], [ -122.148903, 50.366966 ], [ -122.150673, 50.368374000000195 ], [ -122.153664, 50.369015000000111 ], [ -122.156342, 50.369446 ], [ -122.159904, 50.370449000000121 ], [ -122.160706, 50.370674 ], [ -122.162476, 50.371174 ], [ -122.162743, 50.371407000000112 ], [ -122.162818999999828, 50.371475 ], [ -122.162964, 50.371601 ], [ -122.163521, 50.37273 ], [ -122.163399, 50.372967000000109 ], [ -122.163383, 50.373001 ], [ -122.162521, 50.373478 ], [ -122.162025, 50.3737530000001 ], [ -122.161774, 50.373894 ], [ -122.161186, 50.374062 ], [ -122.160819999999887, 50.374168000000161 ], [ -122.160743999999895, 50.374191 ], [ -122.159698, 50.374489 ], [ -122.158691, 50.374550000000184 ], [ -122.158493, 50.374550000000163 ], [ -122.156555, 50.374531000000147 ], [ -122.156448, 50.374554 ], [ -122.15638, 50.374569000000115 ], [ -122.156136, 50.374622 ], [ -122.155525, 50.375107 ], [ -122.155197, 50.375370000000146 ], [ -122.154197999999894, 50.376167000000201 ], [ -122.154099, 50.376659 ], [ -122.154045, 50.376911000000106 ], [ -122.153861999999833, 50.377769 ], [ -122.154488, 50.379688 ], [ -122.150543, 50.383984 ], [ -122.150192, 50.384365 ], [ -122.148636, 50.384346000000143 ], [ -122.147942, 50.384338000000156 ], [ -122.146484, 50.384319 ], [ -122.145943, 50.384411000000163 ], [ -122.143768, 50.384766 ], [ -122.143486, 50.384811 ], [ -122.142982, 50.384979 ], [ -122.139473, 50.387039000000172 ], [ -122.139495999999895, 50.387226 ], [ -122.139511, 50.387344 ], [ -122.139984, 50.388138 ], [ -122.140082999999876, 50.388302 ], [ -122.140526, 50.389042000000146 ], [ -122.140434, 50.389324 ], [ -122.140404, 50.389404 ], [ -122.140076, 50.390415000000118 ], [ -122.13929, 50.391102000000132 ], [ -122.139137, 50.39123500000013 ], [ -122.138328999999885, 50.391937 ], [ -122.137611, 50.39337200000017 ], [ -122.137566, 50.393475000000102 ], [ -122.137466, 50.393669 ], [ -122.137741, 50.394711 ], [ -122.138016, 50.394981000000101 ], [ -122.138054, 50.395016 ], [ -122.138481, 50.395283000000134 ], [ -122.138672, 50.395397 ], [ -122.138908, 50.395546 ], [ -122.138939, 50.395603 ], [ -122.138953999999842, 50.395641 ], [ -122.139114, 50.395977 ], [ -122.13913, 50.396786000000205 ], [ -122.139107, 50.396832 ], [ -122.138939, 50.39716700000011 ], [ -122.137741, 50.397697 ], [ -122.137543, 50.397713000000159 ], [ -122.137459, 50.397717 ], [ -122.137207, 50.397736000000108 ], [ -122.135673999999881, 50.397472000000135 ], [ -122.135399, 50.397427 ], [ -122.134895, 50.397541000000153 ], [ -122.13324, 50.397911000000185 ], [ -122.130432, 50.399338 ], [ -122.129455999999848, 50.400063 ], [ -122.129455999999848, 50.400173 ], [ -122.129448, 50.400291000000145 ], [ -122.12944, 50.400566000000111 ], [ -122.130646, 50.402531000000153 ], [ -122.130798, 50.402767000000168 ], [ -122.131729, 50.404289000000162 ], [ -122.131813, 50.404655 ], [ -122.131828, 50.404709 ], [ -122.132034, 50.405636 ], [ -122.131828, 50.405861000000158 ], [ -122.131744, 50.40596 ], [ -122.131622, 50.406090000000134 ], [ -122.129424999999898, 50.407219000000126 ], [ -122.127274, 50.40815400000016 ], [ -122.126724, 50.40868 ], [ -122.12648, 50.408916 ], [ -122.126198, 50.409187 ], [ -122.124649, 50.411156 ], [ -122.124229, 50.411682 ], [ -122.123116, 50.413097000000128 ], [ -122.122818, 50.413216 ], [ -122.121886999999887, 50.413589000000137 ], [ -122.119759, 50.414291 ], [ -122.118422999999879, 50.414734000000209 ], [ -122.117759999999862, 50.415314000000173 ], [ -122.117485, 50.415859000000182 ], [ -122.117462, 50.415901 ], [ -122.117347999999879, 50.416126 ], [ -122.117699, 50.416916000000114 ], [ -122.11830099999986, 50.4176560000002 ], [ -122.118622, 50.418056000000107 ], [ -122.120682, 50.419521000000167 ], [ -122.121071, 50.419796000000183 ], [ -122.121277, 50.419945 ], [ -122.124275, 50.421280000000202 ], [ -122.125252, 50.421711000000109 ], [ -122.126091, 50.422436000000168 ], [ -122.128974999999897, 50.424919 ], [ -122.129715, 50.425762000000113 ], [ -122.12999, 50.426075000000104 ], [ -122.130638, 50.426815 ], [ -122.130798, 50.427246000000174 ], [ -122.130997, 50.427784 ], [ -122.130814, 50.428432 ], [ -122.129333, 50.429329 ], [ -122.129242, 50.429386000000115 ], [ -122.12886, 50.429615000000112 ], [ -122.128296, 50.42984 ], [ -122.128059, 50.429935 ], [ -122.125541999999896, 50.430935 ], [ -122.123039, 50.431515 ], [ -122.122711, 50.431595 ], [ -122.120941, 50.4321750000001 ], [ -122.120071, 50.432514000000126 ], [ -122.119865, 50.432598000000148 ], [ -122.119438, 50.432762 ], [ -122.119308, 50.432770000000119 ], [ -122.118477, 50.432808000000115 ], [ -122.117371, 50.432533000000106 ], [ -122.117279, 50.432510000000114 ], [ -122.117065, 50.432457 ], [ -122.113663, 50.431709000000119 ], [ -122.11319, 50.431606000000144 ], [ -122.110596, 50.430866 ], [ -122.109428, 50.430538 ], [ -122.108382999999876, 50.430443000000189 ], [ -122.108261, 50.430431000000134 ], [ -122.10759, 50.43037 ], [ -122.107063, 50.43050000000013 ], [ -122.104836, 50.431957 ], [ -122.103645, 50.432384 ], [ -122.103462, 50.432453 ], [ -122.102623, 50.432549000000186 ], [ -122.100281, 50.432369 ], [ -122.098221, 50.432365 ], [ -122.097686999999894, 50.432476000000165 ], [ -122.09494, 50.433037 ], [ -122.093758, 50.433147000000105 ], [ -122.093552, 50.433167000000132 ], [ -122.092438, 50.433273 ], [ -122.088837, 50.432236 ], [ -122.086639, 50.431606000000144 ], [ -122.08352699999989, 50.430908 ], [ -122.082397, 50.430283000000124 ], [ -122.078926, 50.428352000000203 ], [ -122.075989, 50.427509 ], [ -122.075577, 50.427246000000174 ], [ -122.075417, 50.427032 ], [ -122.075226, 50.426758000000127 ], [ -122.074653999999896, 50.425957 ], [ -122.072281, 50.425381 ], [ -122.070564, 50.42548 ], [ -122.06971, 50.425526000000161 ], [ -122.06794699999989, 50.42562500000011 ], [ -122.062118999999868, 50.425724000000123 ], [ -122.061539, 50.425735 ], [ -122.060692, 50.425751000000105 ], [ -122.060471, 50.425823 ], [ -122.060318, 50.425873 ], [ -122.059792, 50.426044 ], [ -122.058594, 50.426754 ], [ -122.057175, 50.427807 ], [ -122.055954, 50.428661 ], [ -122.054024, 50.429607000000161 ], [ -122.050438, 50.430244 ], [ -122.049187, 50.430561000000154 ], [ -122.048553, 50.430721 ], [ -122.046257, 50.431297000000193 ], [ -122.045609, 50.431198000000109 ], [ -122.045546999999885, 50.431175000000152 ], [ -122.044983, 50.430946 ], [ -122.044578999999885, 50.430447000000214 ], [ -122.044463999999877, 50.429474000000184 ], [ -122.044455999999855, 50.429367000000184 ], [ -122.044449, 50.429317 ], [ -122.044502, 50.42905 ], [ -122.04454, 50.428852000000191 ], [ -122.044838, 50.427425000000113 ], [ -122.044304, 50.425880000000113 ], [ -122.043785, 50.425503 ], [ -122.043266, 50.425121 ], [ -122.043114, 50.42501100000019 ], [ -122.04287, 50.424469000000123 ], [ -122.042793, 50.424294 ], [ -122.04258, 50.423824000000188 ], [ -122.042404, 50.422371 ], [ -122.042397, 50.422291 ], [ -122.042259, 50.42118500000015 ], [ -122.042023, 50.420929000000108 ], [ -122.041939, 50.420845000000121 ], [ -122.040024, 50.420372 ], [ -122.035316, 50.419773000000205 ], [ -122.035057, 50.419743 ], [ -122.0345, 50.419556000000142 ], [ -122.032714999999882, 50.418961000000124 ], [ -122.03109, 50.418419 ], [ -122.029670999999894, 50.41753 ], [ -122.025749, 50.417053 ], [ -122.023727, 50.416634 ], [ -122.023392, 50.416569000000131 ], [ -122.022865, 50.416458 ], [ -122.02227, 50.416164 ], [ -122.021164, 50.415215 ], [ -122.020836, 50.41507 ], [ -122.019287, 50.414379000000118 ], [ -122.018562, 50.414349000000165 ], [ -122.018333, 50.414341 ], [ -122.016723999999883, 50.41427200000016 ], [ -122.01643399999989, 50.414314 ], [ -122.015929999999898, 50.414394 ], [ -122.014854, 50.414558000000156 ], [ -122.014748, 50.414539 ], [ -122.014687, 50.414528000000153 ], [ -122.014435, 50.41448200000012 ], [ -122.012207, 50.413403000000173 ], [ -122.01184099999989, 50.413082 ], [ -122.011497, 50.412785 ], [ -122.011002, 50.412361000000146 ], [ -122.010841, 50.4123 ], [ -122.010765, 50.41227 ], [ -122.010674, 50.41223500000018 ], [ -122.010147, 50.412266 ], [ -122.009079, 50.412331000000137 ], [ -122.007126, 50.412445000000162 ], [ -122.003822, 50.413658000000162 ], [ -122.003632, 50.413727000000151 ], [ -122.001442, 50.414265000000114 ], [ -122.000954, 50.41441 ], [ -122.000496, 50.414543 ], [ -122.0, 50.414688000000162 ], [ -121.997009, 50.414993 ], [ -121.995987, 50.415123 ], [ -121.991364, 50.415714 ], [ -121.990616, 50.415997 ], [ -121.990524, 50.416031 ], [ -121.989838, 50.416290000000124 ], [ -121.989403, 50.416306 ], [ -121.989318999999895, 50.416309000000119 ], [ -121.987747, 50.416 ], [ -121.987564, 50.415966000000118 ], [ -121.986609999999871, 50.415779000000128 ], [ -121.985718, 50.416039000000168 ], [ -121.985504, 50.4161 ], [ -121.984032, 50.416531000000226 ], [ -121.981605999999886, 50.416241000000184 ], [ -121.981026, 50.416294000000107 ], [ -121.980141, 50.416374000000204 ], [ -121.979690999999889, 50.416416 ], [ -121.977103999999898, 50.416271000000201 ], [ -121.972755, 50.417377 ], [ -121.96981, 50.417423000000142 ], [ -121.967667, 50.417461 ], [ -121.967346, 50.416870000000188 ], [ -121.967224, 50.416634 ], [ -121.96711, 50.416424 ], [ -121.966721, 50.416031 ], [ -121.96534, 50.414654000000176 ], [ -121.964485, 50.414143000000109 ], [ -121.964272, 50.413647000000161 ], [ -121.964615, 50.413036 ], [ -121.965813, 50.412342000000137 ], [ -121.965865999999878, 50.412312000000163 ], [ -121.966324, 50.410942000000134 ], [ -121.966187, 50.410294000000214 ], [ -121.966171, 50.410210000000134 ], [ -121.966019, 50.409504 ], [ -121.965767, 50.408649 ], [ -121.965683, 50.408371 ], [ -121.965431, 50.407532 ], [ -121.963996999999893, 50.40583 ], [ -121.961281, 50.404644 ], [ -121.959175, 50.403164000000181 ], [ -121.958023, 50.402821000000188 ], [ -121.957428, 50.402641 ], [ -121.956573, 50.402386 ], [ -121.956009, 50.40216100000017 ], [ -121.955475, 50.401943000000131 ], [ -121.954285, 50.401466 ], [ -121.954147, 50.401691000000163 ], [ -121.954070999999828, 50.40181 ], [ -121.953537, 50.402657000000112 ], [ -121.952545, 50.403618 ], [ -121.951622, 50.404144000000102 ], [ -121.949303, 50.405037 ], [ -121.94883, 50.40586900000018 ], [ -121.948668999999867, 50.405903000000109 ], [ -121.948631, 50.405910000000198 ], [ -121.948471, 50.405945 ], [ -121.947707999999864, 50.405697000000195 ], [ -121.945282, 50.405529 ], [ -121.945175, 50.405521000000135 ], [ -121.941971, 50.405304 ], [ -121.941605, 50.405384 ], [ -121.941528, 50.405399000000145 ], [ -121.94128399999984, 50.405453000000172 ], [ -121.939896, 50.406105000000132 ], [ -121.939812, 50.406147 ], [ -121.939445, 50.406319 ], [ -121.939316, 50.406368 ], [ -121.93820999999987, 50.406811 ], [ -121.934761, 50.407711000000106 ], [ -121.931244, 50.407642000000116 ], [ -121.929703, 50.4078710000001 ], [ -121.929375, 50.407997000000201 ], [ -121.928474, 50.408344 ], [ -121.928146, 50.408585000000201 ], [ -121.928108, 50.408619000000179 ], [ -121.92733, 50.40919500000016 ], [ -121.926399, 50.410091 ], [ -121.926285, 50.410202 ], [ -121.925682, 50.410782 ], [ -121.925568, 50.411163 ], [ -121.925789, 50.411774 ], [ -121.926117, 50.413246000000186 ], [ -121.926353, 50.413937000000139 ], [ -121.926399, 50.414063 ], [ -121.926498, 50.414341 ], [ -121.926384, 50.414471000000113 ], [ -121.926169999999843, 50.41452 ], [ -121.925262, 50.414726 ], [ -121.922745, 50.415298 ], [ -121.921234, 50.416061000000177 ], [ -121.921036, 50.416248 ], [ -121.920937, 50.416344000000166 ], [ -121.920067, 50.417168 ], [ -121.919983, 50.417683000000146 ], [ -121.91996, 50.417797000000157 ], [ -121.919907, 50.418121 ], [ -121.919601, 50.418419000000107 ], [ -121.918715999999861, 50.4192770000002 ], [ -121.917465, 50.419369000000216 ], [ -121.917015, 50.41939900000019 ], [ -121.913033, 50.419689000000155 ], [ -121.906746, 50.420658 ], [ -121.904265999999893, 50.420834 ], [ -121.902466, 50.420700000000174 ], [ -121.901787, 50.420532000000108 ], [ -121.900009, 50.42010100000018 ], [ -121.899254, 50.419971 ], [ -121.897636, 50.41970100000011 ], [ -121.896636999999828, 50.419529000000104 ], [ -121.896561, 50.419514 ], [ -121.89592, 50.419403000000145 ], [ -121.891684999999868, 50.419155 ], [ -121.886505, 50.419605000000175 ], [ -121.886086, 50.419643000000136 ], [ -121.885283999999899, 50.419712 ], [ -121.882324, 50.419548 ], [ -121.881743999999898, 50.419678000000111 ], [ -121.879829, 50.420097000000176 ], [ -121.879317999999898, 50.42021200000012 ], [ -121.878937, 50.420372 ], [ -121.878838, 50.420418000000112 ], [ -121.876999, 50.421196000000165 ], [ -121.875931, 50.421543 ], [ -121.875022999999885, 50.421612000000117 ], [ -121.874886, 50.421623 ], [ -121.873932, 50.421696000000168 ], [ -121.871323, 50.422230000000141 ], [ -121.870689, 50.422401 ], [ -121.870567, 50.422436000000168 ], [ -121.869644, 50.422691 ], [ -121.868529999999836, 50.423775 ], [ -121.867195, 50.425022000000197 ], [ -121.8666, 50.425686 ], [ -121.866394, 50.425915 ], [ -121.865996999999879, 50.42635700000011 ], [ -121.864493999999866, 50.427750000000117 ], [ -121.864006, 50.428715 ], [ -121.863944999999873, 50.428841000000162 ], [ -121.863701, 50.429321 ], [ -121.863716, 50.429523 ], [ -121.863738999999896, 50.429741 ], [ -121.863738999999896, 50.42979 ], [ -121.8638, 50.430473000000163 ], [ -121.864128, 50.431026000000102 ], [ -121.864464, 50.431267000000169 ], [ -121.86451, 50.431301000000126 ], [ -121.86499, 50.431652 ], [ -121.865814, 50.4324 ], [ -121.866005, 50.432575 ], [ -121.866051, 50.432617 ], [ -121.866188, 50.432804000000118 ], [ -121.866325, 50.432987 ], [ -121.866852, 50.433708000000173 ], [ -121.867012, 50.434052000000158 ], [ -121.867149, 50.434334000000121 ], [ -121.867485, 50.43504 ], [ -121.867508, 50.436928000000137 ], [ -121.866852, 50.437881 ], [ -121.866791, 50.437973 ], [ -121.866745, 50.438011000000216 ], [ -121.866408999999877, 50.43829 ], [ -121.865089, 50.439384000000167 ], [ -121.862755, 50.441860000000183 ], [ -121.862114, 50.44238300000012 ], [ -121.861816, 50.442627 ], [ -121.860916, 50.443363 ], [ -121.856224, 50.448639 ], [ -121.855133, 50.449474000000123 ], [ -121.855026, 50.449558000000103 ], [ -121.854179, 50.450214000000187 ], [ -121.854118, 50.450520000000111 ], [ -121.854759, 50.451324 ], [ -121.856087, 50.452385 ], [ -121.856438, 50.452667 ], [ -121.856728, 50.452896 ], [ -121.856955999999897, 50.453346000000181 ], [ -121.857063, 50.453556000000113 ], [ -121.857994, 50.455372000000104 ], [ -121.858307, 50.457664 ], [ -121.858368, 50.458111 ], [ -121.858398, 50.458355 ], [ -121.860336, 50.460068 ], [ -121.860374, 50.460098000000151 ], [ -121.860565, 50.46027 ], [ -121.861412, 50.460766 ], [ -121.861533999999878, 50.461014000000105 ], [ -121.861549, 50.461052 ], [ -121.861603, 50.461155 ], [ -121.860634, 50.462322000000164 ], [ -121.859978, 50.463116 ], [ -121.858589, 50.464794 ], [ -121.857513, 50.466839000000135 ], [ -121.857407, 50.467037000000154 ], [ -121.857269, 50.467300000000101 ], [ -121.85717, 50.467438000000136 ], [ -121.856384, 50.46851 ], [ -121.855880999999897, 50.469196000000153 ], [ -121.854088, 50.472172000000171 ], [ -121.852951, 50.472927 ], [ -121.85244, 50.47327 ], [ -121.852104, 50.473495000000185 ], [ -121.8517, 50.47364 ], [ -121.851509, 50.47370900000012 ], [ -121.849525, 50.474426000000157 ], [ -121.846863, 50.475697000000153 ], [ -121.841911, 50.478031000000151 ], [ -121.840652, 50.47862600000019 ], [ -121.840378, 50.478775000000127 ], [ -121.840118, 50.479740000000149 ], [ -121.839844, 50.483307000000103 ], [ -121.839462, 50.484333 ], [ -121.839423999999894, 50.484379000000153 ], [ -121.839386, 50.484432 ], [ -121.838432, 50.485615000000116 ], [ -121.834824, 50.486961 ], [ -121.832764, 50.487728000000118 ], [ -121.832397, 50.487820000000113 ], [ -121.832153, 50.487881000000222 ], [ -121.831009, 50.488163 ], [ -121.829887, 50.492096 ], [ -121.828163, 50.494335 ], [ -121.828102, 50.494411 ], [ -121.827522, 50.495163000000204 ], [ -121.826996, 50.496201 ], [ -121.826942, 50.496311 ], [ -121.825127, 50.49987 ], [ -121.825111, 50.500023000000105 ], [ -121.825111, 50.500065000000149 ], [ -121.825096, 50.500278 ], [ -121.825089, 50.500431 ], [ -121.82497399999987, 50.50190400000011 ], [ -121.824203, 50.503193000000145 ], [ -121.824127, 50.503319000000161 ], [ -121.82373, 50.503979 ], [ -121.821274, 50.506310000000184 ], [ -121.817634999999896, 50.508575000000192 ], [ -121.815193, 50.50986500000019 ], [ -121.813492, 50.511543 ], [ -121.811599999999899, 50.512863 ], [ -121.81131, 50.513065 ], [ -121.809647, 50.514313000000108 ], [ -121.806747, 50.516487 ], [ -121.805717, 50.517769 ], [ -121.795157999999887, 50.517593000000105 ], [ -121.790771, 50.517525000000134 ], [ -121.783203, 50.517399000000161 ], [ -121.783173, 50.520233000000211 ], [ -121.78315, 50.522446000000159 ], [ -121.783065999999835, 50.530521000000199 ], [ -121.783065999999835, 50.530804000000124 ], [ -121.783065999999835, 50.530941017000046 ], [ -121.783065999999835, 50.531052 ], [ -121.781454774999943, 50.531035363 ], [ -121.779289244999973, 50.531013488999946 ], [ -121.778221129999906, 50.531002046 ], [ -121.775291442999958, 50.531017304000059 ], [ -121.775672913, 50.531383514000161 ], [ -121.776670051999972, 50.533332896000132 ], [ -121.777282999999898, 50.534531000000158 ], [ -121.777114999999867, 50.535656000000145 ], [ -121.77699741799988, 50.535697761000115 ], [ -121.776321410999913, 50.535938262000094 ], [ -121.776300688999982, 50.535946552000091 ], [ -121.776283, 50.53595400000011 ], [ -121.775528, 50.536221000000189 ], [ -121.775457615999869, 50.536359467000146 ], [ -121.775375041999951, 50.536521918000062 ], [ -121.775253310999915, 50.53652406599997 ], [ -121.774727, 50.536533 ], [ -121.771094518999973, 50.536582233000154 ], [ -121.769341, 50.536606 ], [ -121.769330562, 50.536789978 ], [ -121.769325255999874, 50.53688812200015 ], [ -121.76932203299998, 50.536971930000178 ], [ -121.769317999999885, 50.537086000000151 ], [ -121.769284562999985, 50.537998082000179 ], [ -121.769264219999954, 50.538558960000024 ], [ -121.769251249999968, 50.538917285000053 ], [ -121.769234, 50.539402 ], [ -121.769227491999956, 50.539589911000107 ], [ -121.769218014999979, 50.539863579000013 ], [ -121.766918355999948, 50.539826574000081 ], [ -121.765899657999967, 50.53981018100005 ], [ -121.765861996999959, 50.53981018100005 ], [ -121.7657626969999, 50.545778567000106 ], [ -121.765747, 50.546722 ], [ -121.765686, 50.546722 ], [ -121.765633, 50.546722 ], [ -121.765594, 50.546722 ], [ -121.763008, 50.54673000000021 ], [ -121.761246, 50.546734000000171 ], [ -121.761215, 50.555901000000134 ], [ -121.761207999999897, 50.558071000000133 ], [ -121.7612, 50.560394 ], [ -121.761192, 50.562656 ], [ -121.761185, 50.564384000000196 ], [ -121.761147, 50.575787 ], [ -121.763030999999827, 50.575787 ], [ -121.763321, 50.575783000000129 ], [ -121.763855, 50.575783000000101 ], [ -121.765648, 50.575783000000101 ], [ -121.765648, 50.586380000000112 ], [ -121.76564, 50.59348300000017 ], [ -121.765465, 50.630863 ], [ -121.765465, 50.631207 ], [ -121.765465, 50.631523 ], [ -121.765457, 50.632771000000126 ], [ -121.765221, 50.648422000000117 ], [ -121.765167, 50.652336000000147 ], [ -121.764893, 50.670559 ], [ -121.764893, 50.67068500000012 ], [ -121.7649, 50.67310700000013 ], [ -121.764923, 50.683777000000127 ], [ -121.764931, 50.687527 ], [ -121.764961, 50.700516 ], [ -121.765022, 50.72858 ], [ -121.76503, 50.731171 ], [ -121.76503, 50.732925 ], [ -121.765037999999876, 50.733597 ], [ -121.765037999999876, 50.736328 ], [ -121.765022, 50.746403 ], [ -121.765022, 50.74970200000012 ], [ -121.765022, 50.750019 ], [ -121.765022, 50.750168000000144 ], [ -121.765022, 50.750565 ], [ -121.742645, 50.750736 ], [ -121.742439, 50.765564 ], [ -121.742104, 50.790352000000141 ], [ -121.742049999999892, 50.793804000000129 ], [ -121.742049999999892, 50.79402900000013 ], [ -121.74073, 50.79402900000013 ], [ -121.719848999999897, 50.79402900000013 ], [ -121.719124, 50.836800000000132 ], [ -121.719109, 50.83783000000011 ], [ -121.719101, 50.83799 ], [ -121.713867, 50.838062 ], [ -121.711319, 50.838097000000197 ], [ -121.697975, 50.838287 ], [ -121.696266, 50.838306 ], [ -121.695671, 50.8383180000002 ], [ -121.695625, 50.841473000000107 ], [ -121.695557, 50.846298000000203 ], [ -121.695534, 50.847748 ], [ -121.695465, 50.85297 ], [ -121.682083, 50.853024 ], [ -121.68119, 50.853027 ], [ -121.677383, 50.853043000000142 ], [ -121.671615999999858, 50.853065000000129 ], [ -121.672005, 50.871391000000166 ], [ -121.672156999999871, 50.87859 ], [ -121.672226, 50.881847 ], [ -121.657462999999879, 50.881931 ], [ -121.648491, 50.881981000000131 ], [ -121.648299999999878, 50.895779 ], [ -121.648299999999878, 50.89587800000011 ], [ -121.646858, 50.895901 ], [ -121.640228, 50.896008 ], [ -121.640022, 50.896011 ], [ -121.631905, 50.896141 ], [ -121.630997, 50.896156000000211 ], [ -121.630936, 50.896156000000211 ], [ -121.629738, 50.896179000000139 ], [ -121.627983, 50.896206 ], [ -121.626464999999882, 50.896229000000162 ], [ -121.625, 50.896252 ], [ -121.625015, 50.896751 ], [ -121.625923155999956, 50.925167084000194 ], [ -121.626274108999894, 50.943027496 ], [ -121.626276100999959, 50.943094237000111 ], [ -121.626281738, 50.94328308200005 ], [ -121.626304626, 50.944377899000145 ], [ -121.626449584999932, 50.958656311000084 ], [ -121.626460408999961, 50.95941394200014 ], [ -121.626472473999954, 50.960258483000118 ], [ -121.626472473999954, 50.960613252000087 ], [ -121.626472473999954, 50.960937500000043 ], [ -121.626482245999895, 50.961773051000172 ], [ -121.626487732, 50.962242126000064 ], [ -121.62653195799993, 50.966364394000045 ], [ -121.626579283999945, 50.97077560400016 ], [ -121.626805881999928, 50.991993983000079 ], [ -121.626854, 50.996494 ], [ -121.632430739999975, 50.996520688000118 ], [ -121.638137817999919, 50.996547699000175 ], [ -121.643429868999988, 50.996572844000177 ], [ -121.648574828999969, 50.996597291000164 ], [ -121.648689269999849, 50.996597291000135 ], [ -121.649750239999889, 50.996603273000133 ], [ -121.650718689999891, 50.996608734000155 ], [ -121.650978086999942, 50.996608734000098 ], [ -121.651512144999927, 50.996612549000211 ], [ -121.652267454999944, 50.996612549000211 ], [ -121.664436339999895, 50.996669769000079 ], [ -121.678701721999929, 50.996729736000141 ], [ -121.696197508999873, 50.996803283000133 ], [ -121.701683042999875, 50.996826172000198 ], [ -121.705886839999934, 50.996841430000217 ], [ -121.711189270999952, 50.996864318000064 ], [ -121.748023986999883, 50.997135163000031 ], [ -121.748541252999985, 50.997138477000156 ], [ -121.748619079999983, 50.997138976000095 ], [ -121.749130248999961, 50.997142791000179 ], [ -121.749168395999902, 50.997142791000179 ], [ -121.749871504999987, 50.997148173000099 ], [ -121.750664, 50.997154000000158 ], [ -121.752769, 50.997169000000113 ], [ -121.756303886999959, 50.99719486100004 ], [ -121.757553100999985, 50.997203827000114 ], [ -121.764039332999985, 50.997248828000139 ], [ -121.774047851999924, 50.997318267000132 ], [ -121.77477887099991, 50.997323778000109 ], [ -121.775566099999935, 50.997329712000045 ], [ -121.775718689999962, 50.997329712000045 ], [ -121.776290893999899, 50.997333528000098 ], [ -121.778130962999967, 50.99734571300008 ], [ -121.779747008999948, 50.997356414000166 ], [ -121.783554076999891, 50.997383118000052 ], [ -121.785820007999973, 50.997398376000085 ], [ -121.785911559999974, 50.997398376000085 ], [ -121.786277769999913, 50.99740219100012 ], [ -121.786842823999947, 50.997406115000146 ], [ -121.787376404, 50.997409821000083 ], [ -121.844627380999952, 50.997779846000213 ], [ -121.889944265999929, 50.997170944000125 ], [ -121.906234741, 50.996952056999916 ], [ -121.906791686999895, 50.996944427000095 ], [ -121.912462396999956, 50.996868923000129 ], [ -121.915100014999936, 50.996833803000143 ], [ -121.915132381999967, 50.9964060450001 ], [ -121.915252685999974, 50.994812012000146 ], [ -121.914360046999931, 50.987846375000103 ], [ -121.9142760229999, 50.987167183000068 ], [ -121.91418507999991, 50.987007141000142 ], [ -121.914566040999929, 50.987007141000142 ], [ -121.9246520989999, 50.987026215000142 ], [ -121.956985473999907, 50.987026215000142 ], [ -121.957221984999919, 50.987026215000142 ], [ -121.957450865999988, 50.987026215000142 ], [ -121.967498778999982, 50.987022400000022 ], [ -121.985208742999987, 50.987250426000109 ], [ -121.992385864999889, 50.987342835000042 ], [ -121.998634337999974, 50.987422943000041 ], [ -121.998753812999951, 50.987424529000052 ], [ -121.999496, 50.987434 ], [ -121.99958, 50.987434 ], [ -122.0, 50.987438000000196 ], [ -122.00323119299992, 50.987479190000045 ], [ -122.007217407999988, 50.987529756000157 ], [ -122.007416945, 50.987532733999984 ], [ -122.007728576999909, 50.987537384000021 ], [ -122.010314940999933, 50.98757934600016 ], [ -122.076545715999941, 50.988708496000136 ], [ -122.114941488999989, 50.989341966000104 ], [ -122.115852355999934, 50.98935699400014 ], [ -122.117134667999892, 50.989377887000039 ], [ -122.119597999999868, 50.989418 ], [ -122.122592902999941, 50.989466380000131 ], [ -122.133773802999954, 50.989646912000168 ], [ -122.138873933999946, 50.989729968999967 ], [ -122.142441, 50.989788000000118 ], [ -122.143578, 50.989807 ], [ -122.14380977899998, 50.989809768000185 ], [ -122.143913267999835, 50.989810943000123 ], [ -122.15981292799988, 50.99006652900016 ], [ -122.162314032, 50.990105893000035 ], [ -122.162964, 50.990116 ], [ -122.163454334, 50.990123724000163 ], [ -122.164932250999982, 50.990146636000148 ], [ -122.165509448999956, 50.990155946000201 ], [ -122.165641783999888, 50.990158081000139 ], [ -122.160094518, 50.993923087000077 ], [ -122.152236937999916, 50.999256135000032 ], [ -122.14450836099995, 50.999317168000097 ], [ -122.14442435299992, 50.999584470000165 ], [ -122.144341, 50.999851000000191 ], [ -122.144318, 50.999931 ], [ -122.144272, 51.000076 ], [ -122.144009119999978, 51.000936222000071 ], [ -122.143196107, 51.003597259000088 ], [ -122.143005370999958, 51.004234314000051 ], [ -122.142489795999893, 51.005927780000022 ], [ -122.142014, 51.007492000000205 ], [ -122.142418, 51.008751 ], [ -122.142632, 51.009403000000177 ], [ -122.143778058999942, 51.012971607000132 ], [ -122.144363313999918, 51.01479311600017 ], [ -122.149437, 51.01667400000013 ], [ -122.151146, 51.017307000000159 ], [ -122.160736, 51.020866 ], [ -122.161278, 51.020805000000138 ], [ -122.167504227, 51.020125492000098 ], [ -122.1696622259999, 51.019889859000038 ], [ -122.170713090999925, 51.019235827000095 ], [ -122.174613951999888, 51.016807556000138 ], [ -122.175211274999967, 51.016434230000236 ], [ -122.175559997999926, 51.016216278000108 ], [ -122.177198864, 51.016376786000059 ], [ -122.179260253999914, 51.016578675000183 ], [ -122.189844362999963, 51.01760936200008 ], [ -122.197319030999935, 51.018337250000144 ], [ -122.217181460999882, 51.023385785000094 ], [ -122.227470398999969, 51.026000976000056 ], [ -122.231854028999877, 51.02711491800013 ], [ -122.239524840999934, 51.029064179000159 ], [ -122.242455259999929, 51.029809077999985 ], [ -122.2472534179999, 51.031028747000072 ], [ -122.247689316, 51.031145752000072 ], [ -122.247978209999943, 51.031223298000093 ], [ -122.271583557999847, 51.037631989 ], [ -122.306411742999941, 51.044422149000177 ], [ -122.304397582999911, 51.051101685000027 ], [ -122.304169226999932, 51.051848684000085 ], [ -122.303947449999953, 51.052574159000187 ], [ -122.301371334999885, 51.061118621000197 ], [ -122.301178016, 51.061759948000038 ], [ -122.30416925499992, 51.061707161000164 ], [ -122.308311461999963, 51.061634063000056 ], [ -122.327278137999812, 51.061302185000102 ], [ -122.344558714999948, 51.066711426000076 ], [ -122.358314514999961, 51.074596406000097 ], [ -122.36171968799998, 51.082443372000114 ], [ -122.36262512199994, 51.084529876000012 ], [ -122.364189147999937, 51.088134765000163 ], [ -122.372070311999963, 51.102069855000074 ], [ -122.374437216999922, 51.104937364999984 ], [ -122.376182992999915, 51.107051992000081 ], [ -122.386909485, 51.110569001000094 ], [ -122.39357654399997, 51.110849486000049 ], [ -122.429436, 51.112358 ], [ -122.435005, 51.111679000000144 ], [ -122.435244621999971, 51.111650230000123 ], [ -122.435638427999933, 51.11160278300013 ], [ -122.437355804999854, 51.111393046000117 ], [ -122.440948486999972, 51.110954285000197 ], [ -122.445747266999902, 51.111235251000053 ], [ -122.45241546699998, 51.111625671000105 ], [ -122.453356376999935, 51.111681019000052 ], [ -122.45397186199996, 51.111717225 ], [ -122.456558227999892, 51.112316131 ], [ -122.456611454999972, 51.112328926000117 ], [ -122.456954956999937, 51.112411500000171 ], [ -122.465087890999882, 51.114299774000138 ], [ -122.470096577999982, 51.119006399000064 ], [ -122.477485656999917, 51.125949859999942 ], [ -122.478538292999986, 51.131532828999958 ], [ -122.478691100999924, 51.132343292000051 ], [ -122.475563048999959, 51.139389039000065 ], [ -122.473228454999983, 51.140644073000146 ], [ -122.472501750999982, 51.141031797000117 ], [ -122.471977, 51.141312 ], [ -122.471906248999971, 51.141350097000164 ], [ -122.471885681999893, 51.141361237000162 ], [ -122.469931014999972, 51.14241056000003 ], [ -122.468468, 51.143196 ], [ -122.46431, 51.148430000000204 ], [ -122.461777, 51.150719 ], [ -122.460457, 51.151905 ], [ -122.463823249999962, 51.153475962000051 ], [ -122.47040557799987, 51.156547546000198 ], [ -122.470396036999887, 51.156635795000128 ], [ -122.470390318999875, 51.156688690000159 ], [ -122.493019685999968, 51.175828319 ], [ -122.5, 51.181732000000103 ], [ -122.501327058999948, 51.182854022000051 ], [ -122.502220152999939, 51.183609009000072 ], [ -122.502342223999918, 51.183712006000178 ], [ -122.503958030999968, 51.185075999000112 ], [ -122.507041931999936, 51.187679292000198 ], [ -122.507064819999982, 51.187786102000061 ], [ -122.507072329999971, 51.187812387000079 ], [ -122.507080077999888, 51.187839507000149 ], [ -122.507856217999986, 51.190681011000088 ], [ -122.509354, 51.196163 ], [ -122.511457955999902, 51.200011865999969 ], [ -122.513702391999971, 51.20411682200011 ], [ -122.514014814999811, 51.204333564000173 ], [ -122.514312744999984, 51.204540252000079 ], [ -122.514673628999944, 51.204793847000168 ], [ -122.514877318999922, 51.204936981000088 ], [ -122.521064758999955, 51.209247590000167 ], [ -122.521186828999916, 51.209243775000083 ], [ -122.529098620999946, 51.208954013999964 ], [ -122.529118829999945, 51.208982643000169 ], [ -122.529144286999951, 51.209018707000197 ], [ -122.529745738999964, 51.208762205000056 ], [ -122.531738280999889, 51.207912445000098 ], [ -122.535964966999927, 51.206104278000218 ], [ -122.538742064999951, 51.204914093000191 ], [ -122.540596008999955, 51.208175660000101 ], [ -122.534355163999962, 51.216381072000111 ], [ -122.536514282999974, 51.219814301000049 ], [ -122.549217222999985, 51.225791931000153 ], [ -122.553504943999869, 51.238597871000103 ], [ -122.572402953999983, 51.244590759000161 ], [ -122.596061705999887, 51.245334626000151 ], [ -122.603012083999928, 51.240097046000052 ], [ -122.608833313999924, 51.240337372000042 ], [ -122.615005492999941, 51.244239807999968 ], [ -122.62374114999993, 51.244483949000035 ], [ -122.63646697899992, 51.250225068000169 ], [ -122.649536133999902, 51.25984573400018 ], [ -122.659721373999972, 51.262836457000084 ], [ -122.668441772, 51.268329621000142 ], [ -122.670516966999926, 51.270950317000128 ], [ -122.67388152999996, 51.275199891000057 ], [ -122.672409057999971, 51.281051635000132 ], [ -122.672035217999962, 51.282505036000103 ], [ -122.672218321999935, 51.282676696000046 ], [ -122.678939819, 51.288917541000181 ], [ -122.678192138999918, 51.294399261000194 ], [ -122.67564391999997, 51.298397065000039 ], [ -122.67259216399998, 51.303173064000092 ], [ -122.668289185, 51.309917450000142 ], [ -122.666656494, 51.311370851000014 ], [ -122.663162232, 51.314479829000028 ], [ -122.654632567999897, 51.318214417000142 ], [ -122.653297424999906, 51.318801879000119 ], [ -122.64884948699995, 51.335929871000104 ], [ -122.636016844999972, 51.349838256000041 ], [ -122.631263732999912, 51.352306366000121 ], [ -122.622848510999972, 51.356666566000136 ], [ -122.621749876999885, 51.358715057000097 ], [ -122.619766235999933, 51.362392426000191 ], [ -122.619163513, 51.363517762000207 ], [ -122.619781494999927, 51.36627578800006 ], [ -122.619880676999955, 51.366710664000038 ], [ -122.626800535999891, 51.370841980000044 ], [ -122.625305175999927, 51.377464295000102 ], [ -122.639129638999975, 51.389602662000208 ], [ -122.642021178999926, 51.396236419999958 ], [ -122.640533446999939, 51.40240097100012 ], [ -122.637649536999916, 51.405094147000042 ], [ -122.636428831999979, 51.406223298000143 ], [ -122.634666441999968, 51.407871247000138 ], [ -122.633956908999878, 51.408172607 ], [ -122.62654876699996, 51.411304474000062 ], [ -122.625732420999952, 51.411647797000192 ], [ -122.625511169999982, 51.411739349000086 ], [ -122.617378235, 51.413982392000129 ], [ -122.595130919999988, 51.420124054000098 ], [ -122.580833434999931, 51.4271698 ], [ -122.565818785999909, 51.431015015000156 ], [ -122.558334349999882, 51.43106842 ], [ -122.55966949499998, 51.43536376900007 ], [ -122.559341429999904, 51.435451508000178 ], [ -122.559364318999926, 51.438659668000014 ], [ -122.559539794, 51.464633942000077 ], [ -122.559555052999926, 51.473579407000152 ], [ -122.559570312999924, 51.485408784000064 ], [ -122.552474975999914, 51.485412599000099 ], [ -122.548492431999932, 51.485389710000049 ], [ -122.542694092, 51.48534774800018 ], [ -122.539009094999969, 51.485324860000055 ], [ -122.536277771999949, 51.485305786000083 ], [ -122.507476806999932, 51.485107422000155 ], [ -122.49999999899984, 51.485050202000046 ], [ -122.467079161999891, 51.484813691000078 ], [ -122.466697693999947, 51.48505783200018 ], [ -122.465789793999988, 51.48564148000014 ], [ -122.465049743999941, 51.486114502000198 ], [ -122.455757141, 51.492076874 ], [ -122.455429077999909, 51.492286683000046 ], [ -122.433540344999983, 51.503250122000125 ], [ -122.414810179999961, 51.509113312000125 ], [ -122.393524169999921, 51.513824463000105 ], [ -122.361267090999945, 51.515518189000119 ], [ -122.345466612999985, 51.520248414 ], [ -122.326766966999983, 51.521762847000012 ], [ -122.287635802999944, 51.515628815000177 ], [ -122.281913756999984, 51.516376495000038 ], [ -122.282081603, 51.515884399000186 ], [ -122.280708313, 51.515895844000099 ], [ -122.272964477999878, 51.515945435000035 ], [ -122.265899656999878, 51.515987396000064 ], [ -122.265312194999922, 51.515991212000039 ], [ -122.203506470999969, 51.51594925000007 ], [ -122.178215025999961, 51.515922546 ], [ -122.163459776999886, 51.515903473000122 ], [ -122.118919371999922, 51.516048432000126 ], [ -122.105545042999964, 51.516094209000116 ], [ -122.100372314999959, 51.516109467000113 ], [ -122.055183410999973, 51.516235351000105 ], [ -122.023071287999983, 51.516307831 ], [ -122.01308441299993, 51.51633072 ], [ -122.009178161999955, 51.516338348000154 ], [ -122.0, 51.516357422000112 ], [ -121.999946594999983, 51.516357422000119 ], [ -121.999748229999966, 51.516365052000118 ], [ -121.998443603999931, 51.516384125000108 ], [ -121.998405456999976, 51.516384125000108 ], [ -121.964675903999932, 51.516899109000086 ], [ -121.948646545999964, 51.517150879000134 ], [ -121.946029663, 51.51719284100006 ], [ -121.945678711999889, 51.517196656000145 ], [ -121.885368347999943, 51.518115998000127 ], [ -121.885414122999919, 51.544883728000194 ], [ -121.885437010999965, 51.561119079000086 ], [ -121.885444641999982, 51.566501618000089 ], [ -121.877357482999955, 51.566436768000216 ], [ -121.870788574999949, 51.566383363000114 ], [ -121.861976623999979, 51.566310882000074 ], [ -121.83156585699993, 51.566047670000195 ], [ -121.819572449999953, 51.56594467200015 ], [ -121.816932678999891, 51.565921784 ], [ -121.757911682999918, 51.565383910999984 ], [ -121.753372192999961, 51.565341949000157 ], [ -121.746765135999979, 51.565277099000042 ], [ -121.74460601699991, 51.565258025999945 ], [ -121.744132994999902, 51.565254212000077 ], [ -121.739379881999923, 51.565204620000017 ], [ -121.738090513999836, 51.565193177000104 ], [ -121.734504698999899, 51.565174104000157 ], [ -121.716239929999958, 51.565074922000093 ], [ -121.707191466999973, 51.565021514000158 ], [ -121.698699950999981, 51.564975739000069 ], [ -121.697853088999935, 51.564968109000077 ], [ -121.696983337999882, 51.564964294000013 ], [ -121.696800231999916, 51.564922332000108 ], [ -121.696754454999947, 51.564960479000106 ], [ -121.695999144999902, 51.564956666000143 ], [ -121.69313049299997, 51.564937593000039 ], [ -121.684036253999977, 51.564884185000118 ], [ -121.681571960999904, 51.564868927000092 ], [ -121.672599792999947, 51.564811707000096 ], [ -121.631286621999948, 51.564552307000113 ], [ -121.631210325999973, 51.562141419000199 ], [ -121.630744933999893, 51.547950744000119 ], [ -121.625839233999898, 51.547981263000061 ], [ -121.537109373999968, 51.54849243200016 ], [ -121.534027099999946, 51.548511506000068 ], [ -121.531867980999877, 51.548526764000108 ], [ -121.531707762999886, 51.548526764000108 ], [ -121.527969361, 51.548545837000049 ], [ -121.527061462999939, 51.548549652000055 ], [ -121.5268173219999, 51.53521347000013 ], [ -121.526657103999881, 51.526233674000231 ], [ -121.526283263999915, 51.503242492000055 ], [ -121.526252746999887, 51.501785279000167 ], [ -121.526229858999955, 51.50003051900007 ], [ -121.526184081999986, 51.49700546200016 ], [ -121.526153564999973, 51.495292664000033 ], [ -121.526054382999973, 51.488918305000063 ], [ -121.525970458999879, 51.48332595900014 ], [ -121.525955201, 51.48234176700003 ], [ -121.525947570999975, 51.481666566000058 ], [ -121.525810241999977, 51.472774506000036 ], [ -121.525787352999942, 51.471073151999924 ], [ -121.525787352999942, 51.470993043000171 ], [ -121.525779722999928, 51.470832825000095 ], [ -121.525779722999928, 51.47074890200016 ], [ -121.525764464999881, 51.469799042000133 ], [ -121.525749207, 51.46897125300007 ], [ -121.525749207, 51.468921661000117 ], [ -121.525718689999849, 51.466724396000039 ], [ -121.525665282999967, 51.46366119400011 ], [ -121.525596618999941, 51.461414337000051 ], [ -121.525527954, 51.459491728999957 ], [ -121.525306701, 51.453289031000153 ], [ -121.52525329599996, 51.451915742000068 ], [ -121.509628295999903, 51.451229095000052 ], [ -121.509201048999898, 51.448074342000098 ], [ -121.50910186699997, 51.447334290000121 ], [ -121.502426147999984, 51.447219849000135 ], [ -121.500953674999892, 51.447193145000064 ], [ -121.5, 51.447174072 ], [ -121.495651245999909, 51.447101593000134 ], [ -121.494163513999922, 51.447074890000181 ], [ -121.475761413999905, 51.446750642000161 ], [ -121.475494383999944, 51.445308685000079 ], [ -121.47516632099989, 51.443500520000157 ], [ -121.475128173999948, 51.443305970000019 ], [ -121.474914551999959, 51.442131043000117 ], [ -121.474784850999981, 51.441425323000104 ], [ -121.474288939999937, 51.438747407000157 ], [ -121.474006651999957, 51.437236786000085 ], [ -121.469032286999933, 51.43708801199994 ], [ -121.465171812999913, 51.436977387000177 ], [ -121.465103149999948, 51.436901093000039 ], [ -121.435310363999918, 51.437419892000122 ], [ -121.434890746999926, 51.437427519999986 ], [ -121.434135435999977, 51.437442781000122 ], [ -121.433326720999972, 51.437454224000099 ], [ -121.432174681999925, 51.437473297 ], [ -121.430107116999977, 51.437507629000066 ], [ -121.428649901999975, 51.437534333000094 ], [ -121.427825927999876, 51.437549591000128 ], [ -121.426307678999876, 51.437572480000149 ], [ -121.426322936999895, 51.436515808000109 ], [ -121.426330565999976, 51.435157775999969 ], [ -121.426345825999974, 51.434120178000121 ], [ -121.426345825999974, 51.433757783000075 ], [ -121.426376342999944, 51.431018830000028 ], [ -121.426383973, 51.43074417200009 ], [ -121.426399230999891, 51.429988862000059 ], [ -121.426528929999961, 51.417976379000109 ], [ -121.426696777999908, 51.403305054000072 ], [ -121.426712035999913, 51.401775360000144 ], [ -121.426002502999964, 51.401779175000101 ], [ -121.419326781999942, 51.401832580000118 ], [ -121.419342040999936, 51.401325226 ], [ -121.419395447999932, 51.400173187000021 ], [ -121.419425963999956, 51.39950561600012 ], [ -121.419471740999924, 51.39825439500008 ], [ -121.419555662999983, 51.396034241000038 ], [ -121.419593811999903, 51.395126343000058 ], [ -121.420288085, 51.377349853 ], [ -121.410903929999947, 51.377418518000155 ], [ -121.384269713999913, 51.377609252000113 ], [ -121.375526426999897, 51.377670288000061 ], [ -121.360916137999936, 51.377769470000018 ], [ -121.358917235999954, 51.377780915000187 ], [ -121.342727660999969, 51.37789154 ], [ -121.341598509999983, 51.377899171000017 ], [ -121.341529846999876, 51.377899171000017 ], [ -121.337501525999983, 51.377876282000031 ], [ -121.335777282, 51.37786865200006 ], [ -121.334136963, 51.377857209000148 ], [ -121.332649230999891, 51.377849579000049 ], [ -121.324180603999977, 51.377807617000052 ], [ -121.323524474999942, 51.377803804000095 ], [ -121.322875976999867, 51.37779998900001 ], [ -121.309959411999941, 51.377727508000142 ], [ -121.301979065999944, 51.377685548000052 ], [ -121.2955551149999, 51.37764739900021 ], [ -121.294303893999938, 51.377639771000091 ], [ -121.282508850999932, 51.37757492100004 ], [ -121.281967163, 51.377571106000154 ], [ -121.276313780999942, 51.380500793000166 ], [ -121.272911070999953, 51.382133484000171 ], [ -121.269104002999882, 51.383956910000059 ], [ -121.267829895999967, 51.384586334000097 ], [ -121.267272949999892, 51.384860992000057 ], [ -121.26667022599996, 51.385158539000109 ], [ -121.264396666999971, 51.386280061000157 ], [ -121.261672973999893, 51.383449556000173 ], [ -121.259155273999951, 51.384845734000073 ], [ -121.256637573999967, 51.386238099000117 ], [ -121.239761352999906, 51.393543244000128 ], [ -121.235816955999937, 51.39668655400007 ], [ -121.232864379999967, 51.39733505200013 ], [ -121.230026243999987, 51.400146486000068 ], [ -121.227188110999975, 51.402965545000164 ], [ -121.217277526999965, 51.409225464000016 ], [ -121.212829590999888, 51.41099166900009 ], [ -121.210578917999953, 51.414810181000199 ], [ -121.210487365999953, 51.414955140000181 ], [ -121.210083006999938, 51.415039063000123 ], [ -121.202575682999964, 51.416557312 ], [ -121.199584959999981, 51.418453216000032 ], [ -121.190658568999979, 51.422439575000091 ], [ -121.182472228999984, 51.421291352 ], [ -121.177894591999959, 51.421344757000099 ], [ -121.173416136999947, 51.424018860000103 ], [ -121.171005248999947, 51.425067901000155 ], [ -121.168579101999953, 51.426120758000089 ], [ -121.164138793999882, 51.427650452000023 ], [ -121.159896850999942, 51.428619384999962 ], [ -121.154098510999972, 51.431961059000116 ], [ -121.144012451, 51.432952881000126 ], [ -121.14239502, 51.438381194999955 ], [ -121.14191436799986, 51.440006256000025 ], [ -121.134330749999947, 51.440200805000124 ], [ -121.119216918999882, 51.440582276000121 ], [ -121.092964171999938, 51.438354491000091 ], [ -121.092498779999971, 51.437835694000064 ], [ -121.089164733999894, 51.437904358000054 ], [ -121.073768614999949, 51.435226440000143 ], [ -121.069763183999896, 51.435020447000063 ], [ -121.06472778299991, 51.436962128000062 ], [ -121.062011718999813, 51.437252045 ], [ -121.061279296999885, 51.436950683000113 ], [ -121.057876586999896, 51.435554505000056 ], [ -121.047241210999914, 51.431171417000151 ], [ -121.046867370999905, 51.431018830000028 ], [ -121.046821593999937, 51.430999756000041 ], [ -121.046615599999939, 51.430915833000149 ], [ -121.044799804999968, 51.430873871000223 ], [ -121.040657042999953, 51.430770874000125 ], [ -121.034233093999944, 51.430610656000127 ], [ -121.033882140999921, 51.430603028000085 ], [ -121.032264709999922, 51.430564881000073 ], [ -121.027030944999979, 51.430431367 ], [ -121.025459288999969, 51.430393218000134 ], [ -121.024696349999886, 51.430377960000072 ], [ -121.006225586999903, 51.430004120000127 ], [ -121.00583648599995, 51.429996490000171 ], [ -121.004661560999907, 51.429973603000093 ], [ -121.004608153999925, 51.429973603000093 ], [ -121.002441407, 51.429927826 ], [ -121.000968932999911, 51.429897308000129 ], [ -121.000968932999911, 51.430179596000094 ], [ -121.000976562999924, 51.430736542000162 ], [ -121.001106261999894, 51.434585572000096 ], [ -121.00101471, 51.439662933000172 ], [ -121.000946044999964, 51.439662933000164 ], [ -121.0, 51.439662933000164 ], [ -120.972068786999955, 51.439682006000076 ], [ -120.96145629899992, 51.439689635999919 ], [ -120.958953857, 51.439689635999919 ], [ -120.94718170299997, 51.445266725000053 ], [ -120.9325332639999, 51.444755554000061 ], [ -120.918914795999953, 51.444278716000106 ], [ -120.916053771999927, 51.444179534000057 ], [ -120.913940429999968, 51.444107056000114 ], [ -120.912994385999923, 51.444049836000154 ], [ -120.896286009999926, 51.443077088000116 ], [ -120.858474730999944, 51.440860749000123 ], [ -120.83250427199998, 51.439338685000145 ], [ -120.827003478999885, 51.439014435000132 ], [ -120.824501036999948, 51.438873291000014 ], [ -120.812591552999891, 51.43819427600004 ], [ -120.806343077999884, 51.437835694000064 ], [ -120.782546997999972, 51.436473846000162 ], [ -120.761451721999933, 51.435436249000013 ], [ -120.742858885999965, 51.434520722000102 ], [ -120.741302489999953, 51.434444428000127 ], [ -120.739753723, 51.434471131000151 ], [ -120.734329223999964, 51.434566499000034 ], [ -120.726280211999949, 51.434707643000117 ], [ -120.72082519599995, 51.434806825000173 ], [ -120.696159362999936, 51.435230255000121 ], [ -120.694686888999968, 51.435256958 ], [ -120.67831420899995, 51.435535431000034 ], [ -120.673301696999886, 51.435623168000141 ], [ -120.672805785999913, 51.435630799000137 ], [ -120.654014587999924, 51.435592652000118 ], [ -120.650405883999881, 51.435585022000154 ], [ -120.640419005999959, 51.43556213300014 ], [ -120.640357969999954, 51.43556213300014 ], [ -120.639884947999974, 51.43556213300014 ], [ -120.63339233399995, 51.435546875000121 ], [ -120.631912231999863, 51.435543060000143 ], [ -120.630447388, 51.435539247000051 ], [ -120.623512267999942, 51.435523986000128 ], [ -120.619888305999936, 51.435516358000044 ], [ -120.616584778999979, 51.435504913000024 ], [ -120.611801146999866, 51.435493470000097 ], [ -120.610977172999981, 51.435493470000061 ], [ -120.610054014999847, 51.435489655000055 ], [ -120.602058410999973, 51.435470581000075 ], [ -120.582641600999921, 51.435417176000122 ], [ -120.572616575999916, 51.435600282000074 ], [ -120.568481444999904, 51.435676576000105 ], [ -120.560203551999962, 51.435825347999938 ], [ -120.560203551999962, 51.43654632600019 ], [ -120.560203551999962, 51.436588288000046 ], [ -120.560203551999962, 51.436767579000055 ], [ -120.560211181999989, 51.437667847000107 ], [ -120.560218809999981, 51.438816070000044 ], [ -120.560295105999899, 51.452430726000102 ], [ -120.560203551999962, 51.457393646 ], [ -120.56018066299994, 51.458896636000098 ], [ -120.560157775, 51.46026992800018 ], [ -120.560150146999888, 51.460655213000145 ], [ -120.559997558999882, 51.469470977 ], [ -120.559982298999969, 51.470062257000087 ], [ -120.559967040999922, 51.470668793000193 ], [ -120.559959410999895, 51.471134187000139 ], [ -120.559951781999914, 51.471817017000149 ], [ -120.559951781999914, 51.471862794000074 ], [ -120.559936523999909, 51.472667694000123 ], [ -120.55983734199998, 51.478218079000108 ], [ -120.559783934999984, 51.481449128000193 ], [ -120.559654235999972, 51.488506316000027 ], [ -120.559616088999846, 51.490516663000193 ], [ -120.559631347999982, 51.494060517000108 ], [ -120.559661865999843, 51.500053405000195 ], [ -120.559669493999976, 51.504680634000174 ], [ -120.559715270999945, 51.516006470000015 ], [ -120.559745787999915, 51.524833679000118 ], [ -120.559822081999926, 51.544540405000092 ], [ -120.559852599999886, 51.55398941 ], [ -120.55989074699994, 51.564117432000188 ], [ -120.559883116999913, 51.56529617200016 ], [ -120.559875488999921, 51.566467285000144 ], [ -120.559867858999894, 51.568359376000124 ], [ -120.559829711999953, 51.576423646000123 ], [ -120.559753417999971, 51.58989334200016 ], [ -120.559753417999971, 51.591358186000022 ], [ -120.559753417999971, 51.591400148000091 ], [ -120.55973816, 51.593799590000025 ], [ -120.55973816, 51.59434127800013 ], [ -120.559593200999984, 51.622985840000197 ], [ -120.559577941999976, 51.625614166000048 ], [ -120.559516906999974, 51.639984132000109 ], [ -120.559516906999974, 51.640895844000021 ], [ -120.559501648999955, 51.642745971000046 ], [ -120.559501648999955, 51.642887115000022 ], [ -120.55969238299997, 51.661060334000062 ], [ -120.55969238299997, 51.661113739000157 ], [ -120.55969238299997, 51.661151886000063 ], [ -120.55970001299994, 51.662097931000076 ], [ -120.559654235999972, 51.662174224000104 ], [ -120.55768585199985, 51.665409088000025 ], [ -120.553520202999948, 51.665660858000081 ], [ -120.550102233999951, 51.665863037000165 ], [ -120.549827575999984, 51.665996551000028 ], [ -120.5460815429999, 51.667812348000076 ], [ -120.543807983999898, 51.670215606000191 ], [ -120.543540953999937, 51.67049789400005 ], [ -120.543479919999925, 51.670562745000076 ], [ -120.542877196999882, 51.672805787000144 ], [ -120.542831419999914, 51.673004151000065 ], [ -120.542343139999957, 51.674839020000086 ], [ -120.542274473999967, 51.675102235000111 ], [ -120.540687559999938, 51.676010132000144 ], [ -120.538162230999944, 51.677448273000053 ], [ -120.534790038999901, 51.678462982000106 ], [ -120.531272888999965, 51.679519654000131 ], [ -120.52811431799995, 51.685867310000013 ], [ -120.517471313999863, 51.69121170000011 ], [ -120.511787414999944, 51.693725584999974 ], [ -120.507743835999989, 51.695514679000048 ], [ -120.507690428999965, 51.695537568000049 ], [ -120.507537842, 51.695606231000163 ], [ -120.503128051999965, 51.697555542000075 ], [ -120.500831604999917, 51.698352814000131 ], [ -120.500000000999975, 51.698642731000064 ], [ -120.492446898999958, 51.701251983000127 ], [ -120.49125671399996, 51.701663972000027 ], [ -120.480827332, 51.705272674000199 ], [ -120.458892821999939, 51.71083068900009 ], [ -120.442405701999931, 51.712837218000054 ], [ -120.432312010999851, 51.713268281000147 ], [ -120.407058716, 51.706153870000087 ], [ -120.406318663999954, 51.706100465000233 ], [ -120.390922546999889, 51.704959869000213 ], [ -120.388969420999956, 51.70580291800016 ], [ -120.38146972699991, 51.70904541100014 ], [ -120.380462646999902, 51.709480286000144 ], [ -120.379310607999955, 51.70997619700006 ], [ -120.378913878999967, 51.710144042000209 ], [ -120.377815247999933, 51.712093353000128 ], [ -120.377433776999908, 51.712779998000158 ], [ -120.376785278999989, 51.713920594 ], [ -120.376037596999936, 51.715259552000141 ], [ -120.375907898, 51.715484620000133 ], [ -120.375343322, 51.716480256000068 ], [ -120.374801635999916, 51.717445374000093 ], [ -120.374755858999947, 51.71752929800018 ], [ -120.37519836499996, 51.718109130000208 ], [ -120.376663208999958, 51.719993591000048 ], [ -120.376800537999941, 51.720169067000029 ], [ -120.372268677999969, 51.72299957200012 ], [ -120.358993530999953, 51.72475051900016 ], [ -120.358360290999883, 51.724922180000114 ], [ -120.346145628999977, 51.728233337000042 ], [ -120.345436095999887, 51.728427886000091 ], [ -120.341598510999972, 51.731361389 ], [ -120.338996885999961, 51.733360290000192 ], [ -120.338363646999952, 51.733848573000195 ], [ -120.338378907, 51.735908509 ], [ -120.338394164999912, 51.737220764000028 ], [ -120.338417053999933, 51.739295960000085 ], [ -120.338455200999974, 51.739368439000096 ], [ -120.338607788, 51.739631654000135 ], [ -120.343528747999926, 51.748455047000071 ], [ -120.345527649999951, 51.750072480000021 ], [ -120.348304747999933, 51.752319336000099 ], [ -120.349845886999901, 51.753562927000104 ], [ -120.360946654999907, 51.757202149000065 ], [ -120.379280090999941, 51.763206481000068 ], [ -120.37567138699994, 51.770298004000182 ], [ -120.362327574999867, 51.77159881700004 ], [ -120.35855102499994, 51.771965027000206 ], [ -120.350608825, 51.769409179000114 ], [ -120.348548888999971, 51.768745423000013 ], [ -120.336509704999855, 51.77159881700004 ], [ -120.331939697999985, 51.774429322000096 ], [ -120.328880309999988, 51.776325226000068 ], [ -120.324516294999981, 51.781051637000083 ], [ -120.321449278999864, 51.784366607999956 ], [ -120.319869994999934, 51.794685364 ], [ -120.318588256999917, 51.803058624000037 ], [ -120.318176269999924, 51.805770873000021 ], [ -120.317306517999853, 51.811500549000151 ], [ -120.318557738999957, 51.816684722000055 ], [ -120.31945800799997, 51.820434570000153 ], [ -120.312301635, 51.825263977000127 ], [ -120.307655334999922, 51.827442169000122 ], [ -120.304977416999961, 51.831920624000183 ], [ -120.30108642499998, 51.830127716999989 ], [ -120.298507690999884, 51.82893371600008 ], [ -120.296821594999969, 51.82890319900023 ], [ -120.2962493899999, 51.828895569000068 ], [ -120.286048889999961, 51.828708648000152 ], [ -120.283866882999988, 51.829536439000151 ], [ -120.275787353999988, 51.832607270000146 ], [ -120.273506164999901, 51.832382202000147 ], [ -120.269500731999983, 51.831985474000177 ], [ -120.26741790699991, 51.83177566600002 ], [ -120.258720397, 51.830711364000145 ], [ -120.247070312999981, 51.829284668000035 ], [ -120.239540100999974, 51.82709121699996 ], [ -120.237884520999955, 51.82660675200016 ], [ -120.235656738999921, 51.826435089000114 ], [ -120.226722717999962, 51.825744629000177 ], [ -120.219276429, 51.82892990100008 ], [ -120.21926117, 51.832286835 ], [ -120.219238281999935, 51.835811616000022 ], [ -120.222549439, 51.840103149000129 ], [ -120.223587035999969, 51.842208863000117 ], [ -120.225341797999931, 51.845779420000021 ], [ -120.225776672999913, 51.846393586000026 ], [ -120.227020263999975, 51.848178863000101 ], [ -120.22895812999991, 51.850967408000137 ], [ -120.227859495999951, 51.852390290000045 ], [ -120.225883482999905, 51.85494613700007 ], [ -120.223899840999977, 51.866756439000042 ], [ -120.226882935, 51.869094848000024 ], [ -120.230949400999918, 51.872280122000198 ], [ -120.232063292999896, 51.871780396000162 ], [ -120.233863829999905, 51.870971681000199 ], [ -120.238151550999916, 51.869045258 ], [ -120.2488479619999, 51.87109756400023 ], [ -120.254501341999969, 51.872188568000119 ], [ -120.25724792499993, 51.872714997000145 ], [ -120.256874085, 51.874736787000103 ], [ -120.256401060999849, 51.877262116000068 ], [ -120.259834288999969, 51.883487702000032 ], [ -120.265876769999977, 51.886581422000027 ], [ -120.266059875999943, 51.886672974000156 ], [ -120.272087098, 51.888816834000025 ], [ -120.272163391999982, 51.88920974800007 ], [ -120.272438049999892, 51.890567779000108 ], [ -120.272804259999987, 51.892395020000038 ], [ -120.272857666999968, 51.892639161000083 ], [ -120.271842956999933, 51.893466950000082 ], [ -120.270355224999946, 51.894683837000144 ], [ -120.268852233999965, 51.895912170000116 ], [ -120.255691527999943, 51.903156281000179 ], [ -120.255348205999951, 51.903347015000179 ], [ -120.248855589999849, 51.91081619300013 ], [ -120.247596740999938, 51.912269593000218 ], [ -120.247512816999901, 51.919567108000088 ], [ -120.247726439999965, 51.924560547000162 ], [ -120.247833251999964, 51.92717361400009 ], [ -120.247879028999932, 51.928138732000043 ], [ -120.247962950999977, 51.930156709000094 ], [ -120.247184753999889, 51.930603028000199 ], [ -120.245841980999955, 51.931373596000114 ], [ -120.246704101, 51.933341981000012 ], [ -120.247749327999955, 51.935733795000047 ], [ -120.247871398999848, 51.936000823000164 ], [ -120.248641966999912, 51.937755585000168 ], [ -120.248725890999921, 51.937953949000075 ], [ -120.24948120199997, 51.939685821000175 ], [ -120.249633788999915, 51.940036774000184 ], [ -120.249717712999924, 51.940093994999984 ], [ -120.249984739999874, 51.940265655000211 ], [ -120.25006103599992, 51.940315247000022 ], [ -120.250625609999986, 51.940696716000069 ], [ -120.253196716, 51.942413331000068 ], [ -120.255378722999964, 51.943866729000106 ], [ -120.255973815999937, 51.944263458000115 ], [ -120.256134032999967, 51.944370270000128 ], [ -120.256889343999958, 51.944873809000079 ], [ -120.257003783999892, 51.944950105000011 ], [ -120.257408142999964, 51.94522094800017 ], [ -120.264106749999883, 51.948471070000068 ], [ -120.264488219999919, 51.948696138000038 ], [ -120.266983031999928, 51.950149536000033 ], [ -120.267921447999925, 51.950698852000038 ], [ -120.268028257999887, 51.95812225399996 ], [ -120.268051147, 51.959377289000038 ], [ -120.268051147, 51.959655762000075 ], [ -120.268066404999956, 51.960502624000156 ], [ -120.268066404999956, 51.960597993000128 ], [ -120.268074034999856, 51.960639953000069 ], [ -120.269004821999943, 51.964691162000115 ], [ -120.269065856999944, 51.964935304000072 ], [ -120.269538878999924, 51.966987610000054 ], [ -120.269569397999874, 51.967121124000144 ], [ -120.273170471999947, 51.974193573 ], [ -120.274452208999946, 51.975208282999951 ], [ -120.27569579999998, 51.976188659000087 ], [ -120.277503966999916, 51.977619171000235 ], [ -120.284652709999975, 51.975246430000027 ], [ -120.293075561999956, 51.969398498000146 ], [ -120.293151854999962, 51.969383240000056 ], [ -120.297828674999849, 51.96850967400006 ], [ -120.301261902999954, 51.970844268000114 ], [ -120.307098388999975, 51.97480392400017 ], [ -120.309707640999946, 51.975189209000149 ], [ -120.315834045999964, 51.976089477000045 ], [ -120.320854185999892, 51.973548890000096 ], [ -120.323188780999885, 51.972362519000065 ], [ -120.33055114799987, 51.968112945000023 ], [ -120.338623045999896, 51.968818666000033 ], [ -120.339187622999987, 51.970443727000166 ], [ -120.339805604, 51.972213745000062 ], [ -120.341827391999928, 51.973522186000203 ], [ -120.344863890999989, 51.975494386000172 ], [ -120.343223571999872, 51.976528167000126 ], [ -120.335601806999875, 51.981338500000149 ], [ -120.335494994999905, 51.981391907000045 ], [ -120.328430175999983, 51.984756470000171 ], [ -120.328140259999927, 51.989238740000133 ], [ -120.329216002999871, 51.989959716999984 ], [ -120.331207276, 51.991294861000107 ], [ -120.32958984299988, 51.995136260999985 ], [ -120.329345703999877, 51.995334626000037 ], [ -120.328811645999892, 51.995777131000118 ], [ -120.328582762999986, 51.995960235000176 ], [ -120.328422545999956, 51.996093751000011 ], [ -120.32624816899984, 51.997863769000112 ], [ -120.325622558999854, 51.998374939000129 ], [ -120.323905943999989, 51.999099732000111 ], [ -120.3216400149999, 52.000061034999952 ], [ -120.319641114, 52.000904084000055 ], [ -120.319480896999877, 52.000972748 ], [ -120.316253662999941, 52.00489807100027 ], [ -120.31085967999995, 52.007915497999967 ], [ -120.30776214499997, 52.010807038000152 ], [ -120.305397033999938, 52.013015747000019 ], [ -120.296051026, 52.012298583000174 ], [ -120.288017272999923, 52.012996674000156 ], [ -120.288146973, 52.015907287000161 ], [ -120.288330076999969, 52.019874573000159 ], [ -120.289833069999986, 52.020397186000139 ], [ -120.296943664999958, 52.022884369000195 ], [ -120.306648254999899, 52.02378463700007 ], [ -120.308235167999939, 52.023933411000115 ], [ -120.316635130999899, 52.027828216000017 ], [ -120.319183349999946, 52.036567688000147 ], [ -120.319999695999911, 52.039367677000065 ], [ -120.319953918999943, 52.044769287000143 ], [ -120.319587706999926, 52.046264650000154 ], [ -120.318885803999933, 52.049163818000189 ], [ -120.317848204999962, 52.056392670000022 ], [ -120.317710875999978, 52.057376861000193 ], [ -120.316474913999969, 52.064586639000012 ], [ -120.315979004999988, 52.065456391000041 ], [ -120.314071655999953, 52.068790436000185 ], [ -120.308204650999926, 52.074604035000036 ], [ -120.307701109999982, 52.074684144000223 ], [ -120.300827024999933, 52.075763702000138 ], [ -120.296005248999961, 52.07806396500014 ], [ -120.293388366999963, 52.082912445000034 ], [ -120.294311522999976, 52.086624146000112 ], [ -120.294944761999943, 52.08915329000012 ], [ -120.298706055999943, 52.096752168000215 ], [ -120.299507141, 52.098361969000052 ], [ -120.300758361999968, 52.101490020000178 ], [ -120.301300049999895, 52.102741241000018 ], [ -120.302551268999878, 52.105617524000117 ], [ -120.305046080999873, 52.108814241000196 ], [ -120.308822631999973, 52.111305238000099 ], [ -120.31038665799997, 52.112339021000125 ], [ -120.313430785999969, 52.116245269000061 ], [ -120.315498352999953, 52.119739533000136 ], [ -120.316444396999813, 52.121326447000136 ], [ -120.310691832999893, 52.129432679000111 ], [ -120.310241698999945, 52.131050110000103 ], [ -120.309631347999925, 52.133243561000192 ], [ -120.308197020999899, 52.139480591000122 ], [ -120.30790710399998, 52.14074325500016 ], [ -120.309547423999916, 52.142551422000132 ], [ -120.319740295999964, 52.153789521000164 ], [ -120.3232574459999, 52.155296326000062 ], [ -120.324363707999964, 52.155773164000053 ], [ -120.329154967999898, 52.154705049000029 ], [ -120.332435608999887, 52.153972627000044 ], [ -120.335807799999941, 52.153861999000057 ], [ -120.33798217799982, 52.153793336000057 ], [ -120.343856810999966, 52.155551911000103 ], [ -120.347274778999974, 52.156291961000072 ], [ -120.350181579999969, 52.15422439600011 ], [ -120.350776672999984, 52.153800964000041 ], [ -120.357810974999893, 52.147640228000206 ], [ -120.360778808999896, 52.145439147 ], [ -120.370559692999961, 52.138187410000214 ], [ -120.375228881999973, 52.134471893000189 ], [ -120.376281738, 52.134307861000067 ], [ -120.378395079999962, 52.133975983000141 ], [ -120.380973816, 52.134944916000102 ], [ -120.382087707999972, 52.135360718000094 ], [ -120.384468078999987, 52.136535645000023 ], [ -120.387420654999971, 52.137992858000089 ], [ -120.395576476999949, 52.142005921000212 ], [ -120.4074859629999, 52.144821168000234 ], [ -120.402969360999847, 52.161758422 ], [ -120.401321411999845, 52.166778565000158 ], [ -120.392807007999849, 52.170387269000109 ], [ -120.386833189999933, 52.179157257000128 ], [ -120.387451171999928, 52.184265137000182 ], [ -120.387557983999955, 52.185165406000138 ], [ -120.389373778999925, 52.187889099000152 ], [ -120.389503478, 52.188083648000038 ], [ -120.389595031999932, 52.188228606999978 ], [ -120.389755249999965, 52.188583374000167 ], [ -120.390083312999977, 52.189308168000082 ], [ -120.393623350999974, 52.190368653000164 ], [ -120.395240783999967, 52.194000245000083 ], [ -120.391502378999917, 52.194667816000155 ], [ -120.392768861, 52.201438904000135 ], [ -120.393928527999947, 52.203224182 ], [ -120.394981385, 52.204864502000135 ], [ -120.397949218999884, 52.206680297000133 ], [ -120.400917052999958, 52.208503723000163 ], [ -120.403511047, 52.20836258000012 ], [ -120.408195495999905, 52.208099366 ], [ -120.415153502999871, 52.209400177000056 ], [ -120.420661925999923, 52.210681915000066 ], [ -120.422988891999921, 52.213642121000092 ], [ -120.42457580599995, 52.219001769000165 ], [ -120.429336546999949, 52.224159240999988 ], [ -120.433578491, 52.227272034000059 ], [ -120.436622619, 52.229511262000088 ], [ -120.441139219999968, 52.232841493000208 ], [ -120.437156677999951, 52.236347199000193 ], [ -120.436645506999909, 52.236797333000105 ], [ -120.436698913999976, 52.237163543000051 ], [ -120.437057495999895, 52.239448547000137 ], [ -120.444999695999982, 52.243515015000135 ], [ -120.448684690999983, 52.245178223000082 ], [ -120.452018736999946, 52.246688844000118 ], [ -120.454620361999901, 52.249439240000129 ], [ -120.455192566, 52.25004577600005 ], [ -120.47309875499991, 52.268966675000136 ], [ -120.478622436999899, 52.274772645000048 ], [ -120.482650757999977, 52.278686524000101 ], [ -120.493423461999896, 52.281185151000102 ], [ -120.491424560999974, 52.289222717000143 ], [ -120.484878539999897, 52.287818909000173 ], [ -120.481124879, 52.28701782200006 ], [ -120.480255127999897, 52.291358947000106 ], [ -120.479972839999917, 52.292140961 ], [ -120.479438781999932, 52.293643952000146 ], [ -120.478958129999967, 52.293834686000089 ], [ -120.477989196999886, 52.294219971000089 ], [ -120.47268676799996, 52.297977448000012 ], [ -120.471267699999942, 52.298980712000052 ], [ -120.466331483, 52.305110932000126 ], [ -120.480384826999966, 52.313282012000101 ], [ -120.489295958999875, 52.317939758000087 ], [ -120.491050720999951, 52.318710327000169 ], [ -120.500000000999975, 52.322647095999955 ], [ -120.500602721999925, 52.322914124000079 ], [ -120.507637023999905, 52.325790406000174 ], [ -120.512603758999887, 52.326950073000162 ], [ -120.51643371599998, 52.325897216000158 ], [ -120.519256590999873, 52.325122834000183 ], [ -120.532867430999843, 52.329509735000123 ], [ -120.53459930399994, 52.330066681000069 ], [ -120.524459838999974, 52.339859010000168 ], [ -120.519706726999956, 52.34228897100008 ], [ -120.519157408999959, 52.342815399000031 ], [ -120.517257689999937, 52.344619750999961 ], [ -120.51796722499995, 52.345195770000146 ], [ -120.519241332999869, 52.346221923 ], [ -120.524070738999839, 52.348991395 ], [ -120.52663421599992, 52.350456239000046 ], [ -120.526763914999947, 52.35251617500019 ], [ -120.526924132999966, 52.355041504000155 ], [ -120.527076721999961, 52.360984802000218 ], [ -120.524848937999948, 52.366607666000036 ], [ -120.523147582999854, 52.374118804999988 ], [ -120.521125792999896, 52.37933349700004 ], [ -120.520713805999833, 52.380386352000194 ], [ -120.512840269999899, 52.388847351000102 ], [ -120.500000000999975, 52.395908356000184 ], [ -120.495956420999974, 52.39812851000007 ], [ -120.490715025999975, 52.401012421000182 ], [ -120.485092161999887, 52.40267181400003 ], [ -120.472129821999943, 52.406501770000055 ], [ -120.464241027999932, 52.410087586000138 ], [ -120.459304808999846, 52.412326813000014 ], [ -120.458900451999966, 52.418716430000146 ], [ -120.458702087999939, 52.421848297000174 ], [ -120.463447570999946, 52.424533845000184 ], [ -120.468208312999934, 52.427078247 ], [ -120.470481872999926, 52.428295136000116 ], [ -120.473869323999921, 52.429893494000176 ], [ -120.479240417999961, 52.432426453000076 ], [ -120.481025695999961, 52.433807373000057 ], [ -120.484153747999969, 52.436233521000105 ], [ -120.491424560999974, 52.439792633 ], [ -120.492340086999874, 52.440238954000129 ], [ -120.496467589999895, 52.440628052000136 ], [ -120.49914550799997, 52.442092895999977 ], [ -120.49941253599998, 52.442237855 ], [ -120.498886108999912, 52.444290160999969 ], [ -120.500000000999975, 52.444744110000016 ], [ -120.500434876, 52.444919586000125 ], [ -120.501701354999966, 52.445434570000138 ], [ -120.503784179999968, 52.446182251999979 ], [ -120.504371642999914, 52.446395875000164 ], [ -120.505004882999913, 52.447052003000117 ], [ -120.507011413999919, 52.449119568000178 ], [ -120.508392333999964, 52.45177841200011 ], [ -120.512207029999971, 52.453281402000144 ], [ -120.514511107999965, 52.453971862000039 ], [ -120.517852782999952, 52.454971314000112 ], [ -120.521232605999955, 52.45441055299996 ], [ -120.53059387199994, 52.457775116000199 ], [ -120.538200377999928, 52.462249755000073 ], [ -120.540565490999938, 52.464324952000077 ], [ -120.540687559999938, 52.464660645000087 ], [ -120.541381834999981, 52.466449737000119 ], [ -120.541473388999904, 52.46668243500006 ], [ -120.5410461419999, 52.467365265000041 ], [ -120.539878844999976, 52.469200134000033 ], [ -120.538421630999935, 52.472576142000086 ], [ -120.537857054999833, 52.473884583000149 ], [ -120.53205871599998, 52.479545593000076 ], [ -120.508644102999938, 52.495292663999976 ], [ -120.505241393999938, 52.496444702000055 ], [ -120.500000000999975, 52.498218536000167 ], [ -120.494720457999946, 52.500007629000052 ], [ -120.48568725499986, 52.503059387000185 ], [ -120.461647033999881, 52.511192321000074 ], [ -120.448875427999965, 52.511081696000062 ], [ -120.440246582999961, 52.517707824000141 ], [ -120.417137144999984, 52.528442382000108 ], [ -120.409111022, 52.533134462000184 ], [ -120.40795898499988, 52.534038544000069 ], [ -120.406753540999887, 52.534992219000159 ], [ -120.404174804999968, 52.535526276000027 ], [ -120.399963377999939, 52.536399842000037 ], [ -120.388694762999876, 52.537593841000152 ], [ -120.370277404999968, 52.529712677000106 ], [ -120.362014769999917, 52.528636933000143 ], [ -120.340408324999942, 52.552833557 ], [ -120.332626342999973, 52.558761597000121 ], [ -120.332115173999966, 52.567222596000143 ], [ -120.32444000199996, 52.57267761200017 ], [ -120.315040588999921, 52.566818238000089 ], [ -120.311386107999965, 52.570232392000108 ], [ -120.303451537999933, 52.577640535000164 ], [ -120.304595946999925, 52.581832886 ], [ -120.305168150999862, 52.585601808000149 ], [ -120.302818297999934, 52.587928772000133 ], [ -120.301940916999897, 52.588802338000093 ], [ -120.299331664999968, 52.58883667000007 ], [ -120.290367126999911, 52.587829590000077 ], [ -120.289352416999989, 52.590145111000105 ], [ -120.291755675, 52.597465516000106 ], [ -120.292434691999929, 52.608058930000013 ], [ -120.287208556999985, 52.608123780000049 ], [ -120.266609192, 52.608734132000087 ], [ -120.261886597999933, 52.611862183000042 ], [ -120.252975463, 52.615768434000167 ], [ -120.252609252999875, 52.616325378000013 ], [ -120.250190735, 52.620033264000092 ], [ -120.244750976999867, 52.621505738000039 ], [ -120.243255614999967, 52.621910094000064 ], [ -120.24284362799996, 52.62186431900021 ], [ -120.2363586419999, 52.621158598999976 ], [ -120.234519957999979, 52.624771118000083 ], [ -120.232688904999989, 52.628364564000059 ], [ -120.233917236999886, 52.635063171000127 ], [ -120.237991332999897, 52.636779786000119 ], [ -120.288299560999917, 52.65799331700002 ], [ -120.275253296999949, 52.665187835000118 ], [ -120.252906799999849, 52.677505494000044 ], [ -120.25343322699996, 52.684261323000101 ], [ -120.266769408999835, 52.68836975100001 ], [ -120.273689270999952, 52.696182252000114 ], [ -120.285369872999979, 52.705066681000041 ], [ -120.282981871999937, 52.70612716800013 ], [ -120.278816223999982, 52.707969667000086 ], [ -120.273948669999939, 52.71010208200007 ], [ -120.267570496999952, 52.712898255 ], [ -120.267707824999945, 52.71317672800005 ], [ -120.267967224999893, 52.713687897 ], [ -120.268142700999931, 52.714588165000066 ], [ -120.268692016999935, 52.715042114000099 ], [ -120.268806456999968, 52.715087891000024 ], [ -120.270545958999946, 52.71577835 ], [ -120.271179198999903, 52.716224671000113 ], [ -120.271080015999985, 52.716289520000132 ], [ -120.274261474999946, 52.717983246000074 ], [ -120.287445067999897, 52.72142028700015 ], [ -120.291534424999952, 52.724987030000101 ], [ -120.292266845999919, 52.725624084000046 ], [ -120.285621642999956, 52.732414245000086 ], [ -120.27236175599991, 52.745956422000155 ], [ -120.27696991, 52.750030518000074 ], [ -120.291427611999879, 52.762813569000059 ], [ -120.292228699999967, 52.763519287000193 ], [ -120.288963316999983, 52.772041322000177 ], [ -120.299644469999976, 52.776885986000117 ], [ -120.306884765999953, 52.780170440000049 ], [ -120.332862853999984, 52.781406403000034 ], [ -120.338325499999868, 52.788303376000115 ], [ -120.32922363299997, 52.794422150000152 ], [ -120.320045470999972, 52.800594330000109 ], [ -120.314659117999895, 52.805797576 ], [ -120.303161621999934, 52.813762664000215 ], [ -120.30108642499998, 52.815200807000082 ], [ -120.303894043999946, 52.817066194000141 ], [ -120.304260253999985, 52.817310333000179 ], [ -120.30513763499998, 52.817798616000161 ], [ -120.332901000999982, 52.833240509000056 ], [ -120.330703734999986, 52.839946746000045 ], [ -120.32053375299995, 52.848011017000047 ], [ -120.315017699999899, 52.852382659 ], [ -120.31436920199998, 52.85360336400008 ], [ -120.311607359999982, 52.858833314000101 ], [ -120.310684204, 52.859241484999984 ], [ -120.297500609999872, 52.865047455000067 ], [ -120.285995482999965, 52.867733001000026 ], [ -120.28142547599991, 52.868801118000121 ], [ -120.273643493999884, 52.865295411000183 ], [ -120.27105712999996, 52.86395645100005 ], [ -120.2668838499999, 52.86180114800014 ], [ -120.258247374999925, 52.8597564700001 ], [ -120.241218567, 52.861656189000115 ], [ -120.231262208, 52.863628388000151 ], [ -120.228981017999942, 52.865879059000122 ], [ -120.22647857599992, 52.868343353999954 ], [ -120.224311828999973, 52.873214723000146 ], [ -120.219909667999886, 52.876152038000058 ], [ -120.21710205199993, 52.878025055000194 ], [ -120.215736389999904, 52.877689362000062 ], [ -120.210884094999969, 52.876487731 ], [ -120.186073302999887, 52.865234376000132 ], [ -120.184364317999965, 52.864459992 ], [ -120.176010130999956, 52.860206603000094 ], [ -120.169830321999939, 52.861209870000081 ], [ -120.16402435199997, 52.862152099000077 ], [ -120.156196594999926, 52.86683273400007 ], [ -120.145874023999909, 52.874050142000073 ], [ -120.141319276, 52.876930237000089 ], [ -120.136100768999881, 52.874248506000107 ], [ -120.127662657999892, 52.869911193000213 ], [ -120.114791869999962, 52.862255097000109 ], [ -120.114372252999885, 52.862007142000138 ], [ -120.111732481999965, 52.859043121000127 ], [ -120.111091613999974, 52.851966857000065 ], [ -120.11025237999992, 52.843456268000196 ], [ -120.101547241999882, 52.839817048000164 ], [ -120.093193053, 52.837009431000162 ], [ -120.090660094999905, 52.836391450000065 ], [ -120.08863830499989, 52.835899354 ], [ -120.086105345999954, 52.83346176200012 ], [ -120.080192566, 52.828277587000045 ], [ -120.078865051999855, 52.82756042600019 ], [ -120.075920105999913, 52.825965881000116 ], [ -120.071365354999884, 52.824859619000073 ], [ -120.067962645999913, 52.824737549000076 ], [ -120.065040588999963, 52.824630738000053 ], [ -120.06302642699994, 52.824668885000136 ], [ -120.060195922, 52.824718475000118 ], [ -120.059288023999898, 52.824249268000116 ], [ -120.058120726999945, 52.823642730000202 ], [ -120.056823730999952, 52.821594239000078 ], [ -120.056671141999914, 52.821140290000052 ], [ -120.056144713999984, 52.819557191000101 ], [ -120.059677124999951, 52.814258575000117 ], [ -120.059783935, 52.813888550000151 ], [ -120.060523986999954, 52.8114128120001 ], [ -120.059104917999946, 52.809211731000161 ], [ -120.049316406999893, 52.80141830600008 ], [ -120.045021057999932, 52.797866822000138 ], [ -120.041473388999918, 52.794929504000123 ], [ -120.037902831999986, 52.790374756000048 ], [ -120.037605285999959, 52.789897919000111 ], [ -120.03543090899997, 52.7864303590001 ], [ -120.033859252999946, 52.782566070000016 ], [ -120.032112120999955, 52.778266906000098 ], [ -120.030632018999896, 52.775562287000113 ], [ -120.028503416999982, 52.771675110000054 ], [ -120.026634216999867, 52.76847839500018 ], [ -120.025810240999974, 52.767055511000173 ], [ -120.025283812999945, 52.765834808000236 ], [ -120.02432251099998, 52.763576508000014 ], [ -120.02351379299995, 52.758228302000205 ], [ -120.022636413999905, 52.757396698000115 ], [ -120.021110535, 52.75594329800014 ], [ -120.016609191999876, 52.753326417000068 ], [ -120.011108398999923, 52.750015259000186 ], [ -120.009086608999951, 52.748794555000053 ], [ -120.001266479999956, 52.74546051100009 ], [ -120.000000000999989, 52.745109557000106 ], [ -119.990715025999904, 52.742538452000119 ], [ -119.977821348999953, 52.739364622999929 ], [ -119.972831725999868, 52.738159179000078 ], [ -119.972541808999949, 52.738090516000163 ], [ -119.968643188999977, 52.736232759000018 ], [ -119.967643737999936, 52.735416413000138 ], [ -119.966117858999894, 52.73416900700019 ], [ -119.964797973999964, 52.731506347000114 ], [ -119.964500427999937, 52.730915070000151 ], [ -119.9639816279999, 52.727901459000151 ], [ -119.963378904999956, 52.726604462000147 ], [ -119.963066100999924, 52.725933076 ], [ -119.962814330999947, 52.725582122000141 ], [ -119.957015992, 52.717441558000239 ], [ -119.950004577999948, 52.710792542 ], [ -119.94696044799997, 52.71216583300005 ], [ -119.944595336999939, 52.713230133000152 ], [ -119.919364929999915, 52.719577789000041 ], [ -119.914039610999865, 52.71741485700003 ], [ -119.908706665999958, 52.715248108000061 ], [ -119.90608978299997, 52.708862304000149 ], [ -119.905998228999906, 52.708637238 ], [ -119.889686583999946, 52.706680299000027 ], [ -119.889656067999908, 52.706531525000123 ], [ -119.886856078999969, 52.70268630900015 ], [ -119.884422302999951, 52.699348450000038 ], [ -119.881927490999942, 52.69633102400018 ], [ -119.878890991, 52.692657472000143 ], [ -119.871414184999878, 52.684299470000155 ], [ -119.865661620999958, 52.68029785300007 ], [ -119.865516661999948, 52.682106018000013 ], [ -119.865386963, 52.683803559000033 ], [ -119.863571167999893, 52.686008453000085 ], [ -119.862991332999925, 52.686710358000163 ], [ -119.86264800999993, 52.686923981000113 ], [ -119.858299255999881, 52.689666749000111 ], [ -119.854103088999977, 52.690681456999982 ], [ -119.853828428999932, 52.690746307 ], [ -119.848709107, 52.691001892000131 ], [ -119.843872069999932, 52.69039154100021 ], [ -119.842819212999913, 52.690261841999941 ], [ -119.8404006949999, 52.689483643000194 ], [ -119.836181639999907, 52.688121797000072 ], [ -119.832153320999907, 52.685813904000035 ], [ -119.828430175999983, 52.683681489000065 ], [ -119.824081419999956, 52.681491851000168 ], [ -119.821701048999884, 52.679077148000076 ], [ -119.819427489999839, 52.676769257000139 ], [ -119.81900024399998, 52.676403045000058 ], [ -119.8164367669999, 52.674190522000025 ], [ -119.815223692999879, 52.673683168000125 ], [ -119.811546324999924, 52.672161102000175 ], [ -119.804115294999974, 52.66984176800014 ], [ -119.78511047399985, 52.664577484000112 ], [ -119.774185179999975, 52.662452699000056 ], [ -119.773735045999942, 52.662288666000109 ], [ -119.767356871999937, 52.659965515000167 ], [ -119.755485535999867, 52.675067902000158 ], [ -119.755096434999984, 52.67555999800004 ], [ -119.751457214999974, 52.679016113000095 ], [ -119.747108458999932, 52.680431366000022 ], [ -119.746421813999973, 52.680652619000128 ], [ -119.742485046999931, 52.681571960000056 ], [ -119.739761351999846, 52.681392669000054 ], [ -119.736106872999983, 52.681152343000058 ], [ -119.734741210999985, 52.681064606000135 ], [ -119.732696532999952, 52.680931092000137 ], [ -119.726554869999973, 52.679855347000078 ], [ -119.72125244199998, 52.67856979400014 ], [ -119.713920592999955, 52.67679595900001 ], [ -119.70769500699997, 52.677761079000121 ], [ -119.703033447999871, 52.679893494000126 ], [ -119.701522826999863, 52.680923462000088 ], [ -119.69693756, 52.68404388400009 ], [ -119.692192076999902, 52.686702728000071 ], [ -119.677230833999928, 52.695087433 ], [ -119.6725082399999, 52.696933747000095 ], [ -119.668319700999902, 52.698570252000223 ], [ -119.667800903999989, 52.698776246000172 ], [ -119.662498473999918, 52.69971466 ], [ -119.660209655999878, 52.700122834 ], [ -119.654243468999979, 52.700267791000094 ], [ -119.650108337999896, 52.700366973000115 ], [ -119.646087646999945, 52.700393677000108 ], [ -119.642845152999882, 52.700412750000012 ], [ -119.635810852999938, 52.701194764000093 ], [ -119.63239288299998, 52.701953888 ], [ -119.629096985999922, 52.70268630900015 ], [ -119.625267028999914, 52.703693389000115 ], [ -119.623847961999971, 52.704067231000188 ], [ -119.620544432999907, 52.704936982000092 ], [ -119.617706298999906, 52.705574035000183 ], [ -119.617630005999914, 52.70549392800018 ], [ -119.616813659999934, 52.704666137000174 ], [ -119.616409300999976, 52.704250335000083 ], [ -119.616371154999925, 52.702804565000115 ], [ -119.616371154999925, 52.702747345000056 ], [ -119.616371154999925, 52.702350616000125 ], [ -119.616340637999869, 52.695838928000136 ], [ -119.616104126999957, 52.692249298000178 ], [ -119.615875244, 52.688720703000087 ], [ -119.612808227999892, 52.681827545000012 ], [ -119.612266539999965, 52.681121826000172 ], [ -119.609199523999848, 52.677120209000101 ], [ -119.603370665999947, 52.671688079000027 ], [ -119.596702574999938, 52.666778564000133 ], [ -119.594444274999901, 52.665111541000144 ], [ -119.593490599999939, 52.664489747000069 ], [ -119.587234496999926, 52.660404206000152 ], [ -119.584358214999895, 52.658077239000093 ], [ -119.58214569099988, 52.65628433200019 ], [ -119.580070495999962, 52.653579713000134 ], [ -119.57938384899991, 52.652683259000199 ], [ -119.579071043999932, 52.651687622000111 ], [ -119.578170776999968, 52.648880005000095 ], [ -119.577804564999951, 52.647731781999966 ], [ -119.56500244199988, 52.653411865000024 ], [ -119.544288634999987, 52.662609101000058 ], [ -119.544311522999919, 52.658607484000136 ], [ -119.544326780999938, 52.656867982000129 ], [ -119.542610167999968, 52.654991150000036 ], [ -119.537933348999971, 52.647506714000031 ], [ -119.537597655999889, 52.646972656000131 ], [ -119.536979674999941, 52.645851135999976 ], [ -119.536361694999883, 52.644737244000069 ], [ -119.536140441999933, 52.644348145000095 ], [ -119.533798217999944, 52.636920930000102 ], [ -119.53102111799997, 52.631473542000016 ], [ -119.530914306999989, 52.631381988000101 ], [ -119.527992247999975, 52.628955842000067 ], [ -119.52668762199994, 52.628559113 ], [ -119.523674010999898, 52.627651216000153 ], [ -119.517601014, 52.627681732 ], [ -119.512451171999842, 52.628902435000057 ], [ -119.510101317999883, 52.629463196000131 ], [ -119.506408692, 52.630947113000069 ], [ -119.505859375999947, 52.631164551000182 ], [ -119.504493713999921, 52.632713318000093 ], [ -119.502891539999951, 52.634532928000041 ], [ -119.501083374999837, 52.635772706000118 ], [ -119.499984741, 52.636531830000081 ], [ -119.498832701999959, 52.636936188000107 ], [ -119.497627257999952, 52.637363434000122 ], [ -119.497581482999976, 52.637378694000148 ], [ -119.497047422999856, 52.637550355 ], [ -119.49290466399998, 52.63886642400017 ], [ -119.486801147999927, 52.639579772000161 ], [ -119.486114500999975, 52.639694215000127 ], [ -119.482376097999961, 52.640319824000123 ], [ -119.476531982, 52.643264770000101 ], [ -119.474777221999872, 52.644149781 ], [ -119.472389219999968, 52.645599365000031 ], [ -119.472259521999931, 52.645679473000136 ], [ -119.467941283999892, 52.635101318000196 ], [ -119.461723327999934, 52.632862092 ], [ -119.454261780999957, 52.636997224000055 ], [ -119.429679870999962, 52.634002686000045 ], [ -119.402008057, 52.641662597000099 ], [ -119.390327454999976, 52.642013551000048 ], [ -119.374977112999886, 52.641101838000182 ], [ -119.364356994999923, 52.641902924000192 ], [ -119.364379883999945, 52.638668060000029 ], [ -119.364395142, 52.636302949 ], [ -119.364418030999943, 52.632911682000021 ], [ -119.344238279999942, 52.633068085000069 ], [ -119.325752258999955, 52.63321304400008 ], [ -119.255378723999925, 52.633731843000106 ], [ -119.255096434999913, 52.633735656000127 ], [ -119.242042540999932, 52.633823395000036 ], [ -119.233917235999911, 52.63387680000011 ], [ -119.210403440999912, 52.634037018000036 ], [ -119.210205076999969, 52.634040833000086 ], [ -119.200637817999905, 52.634101868000087 ], [ -119.200370788999919, 52.634101868000087 ], [ -119.192779539999961, 52.63415527300014 ], [ -119.184547424999948, 52.634212493 ], [ -119.163230895999959, 52.63399505600011 ], [ -119.162612913999908, 52.633987428 ], [ -119.159309386999951, 52.633953094000063 ], [ -119.158142089999899, 52.633941651000015 ], [ -119.155990601, 52.633918761999979 ], [ -119.154830931999925, 52.633907319000052 ], [ -119.143409728999984, 52.633880615000166 ], [ -119.125167846999815, 52.63383483800007 ], [ -119.110809326999913, 52.633747101000139 ], [ -119.099182128999928, 52.633678436000011 ], [ -119.077087401999961, 52.633541107000141 ], [ -119.055923461999896, 52.633403778000044 ], [ -119.055282591999969, 52.631370545000173 ], [ -119.054664610999922, 52.629405975000111 ], [ -119.054313658999945, 52.628311157000127 ], [ -119.053558348999942, 52.627296449000049 ], [ -119.052337646999931, 52.625667573000044 ], [ -119.0494613649999, 52.622936250000102 ], [ -119.048484801999905, 52.620521546000191 ], [ -119.048179626999968, 52.619853973000076 ], [ -119.047325133999877, 52.618007661000107 ], [ -119.04669952499988, 52.616649628000054 ], [ -119.045677185, 52.615451814000117 ], [ -119.044441223999911, 52.613998412999976 ], [ -119.044380188999924, 52.61393356300016 ], [ -119.04109954799992, 52.610645294000108 ], [ -119.040313720999904, 52.608203887000194 ], [ -119.040054320999957, 52.607410432000115 ], [ -119.040962218999923, 52.603462220000154 ], [ -119.040397644999913, 52.599758149000188 ], [ -119.039619445999961, 52.59881591700001 ], [ -119.038612365999953, 52.597602845 ], [ -119.037681579999912, 52.596477510000092 ], [ -119.035705566999908, 52.59558868400007 ], [ -119.03352356, 52.594608307000073 ], [ -119.022056579999855, 52.592918396000066 ], [ -119.021308897999972, 52.592967988000183 ], [ -119.018112182999971, 52.593170167000132 ], [ -119.01789856, 52.593273162000159 ], [ -119.016838072999974, 52.593788147000069 ], [ -119.015686034999987, 52.594348908 ], [ -119.015495299999813, 52.595745086000065 ], [ -119.015472411999951, 52.595916749000111 ], [ -119.015174864999935, 52.596694947000046 ], [ -119.014617918999988, 52.598167419000049 ], [ -119.014541625999968, 52.598358155000028 ], [ -119.013824461999945, 52.59883880600006 ], [ -119.011970519999863, 52.600078584000094 ], [ -119.010620116999874, 52.600517274000026 ], [ -119.00864410399997, 52.601165772000044 ], [ -119.004264832, 52.601203919000092 ], [ -119.003974914999901, 52.601116180000211 ], [ -119.00020599399987, 52.599952698000045 ], [ -118.999954223999978, 52.599876404000135 ], [ -118.999038696999946, 52.599082947000156 ], [ -118.996864319999972, 52.597206116000145 ], [ -118.995140075999984, 52.59354782 ], [ -118.994972228999927, 52.593200684000067 ], [ -118.994522094999979, 52.592498779000174 ], [ -118.993232726999949, 52.590492249000214 ], [ -118.988128662999884, 52.58770751899997 ], [ -118.987777708999829, 52.587604522000071 ], [ -118.983078004, 52.586238860000066 ], [ -118.980735778999986, 52.585559846000045 ], [ -118.977104186999895, 52.584251404000128 ], [ -118.975463866999974, 52.583656312000137 ], [ -118.973838805999904, 52.582954406000134 ], [ -118.970977783999956, 52.581710816000026 ], [ -118.964111327999845, 52.578407288000086 ], [ -118.96337127799994, 52.578327179000148 ], [ -118.960205076999912, 52.577976228000189 ], [ -118.953475951999962, 52.577819825000127 ], [ -118.951652525999975, 52.577724456000141 ], [ -118.948890686999903, 52.577579499000137 ], [ -118.946510314999941, 52.576225281000134 ], [ -118.946029663, 52.575481416000194 ], [ -118.94476318399991, 52.573516846000118 ], [ -118.944335938, 52.573303224000043 ], [ -118.941719055999911, 52.572010041000041 ], [ -118.940658569, 52.571903229000085 ], [ -118.93636322, 52.571472168000092 ], [ -118.931053160999909, 52.570259094000072 ], [ -118.927551269, 52.568874359000183 ], [ -118.926559447999963, 52.566802979 ], [ -118.926834105999959, 52.564208985000185 ], [ -118.928497313999927, 52.560897828000179 ], [ -118.932357786999944, 52.558319092000119 ], [ -118.935493468999937, 52.556617737000131 ], [ -118.935661316999983, 52.556373596000142 ], [ -118.937095641999974, 52.554328920000039 ], [ -118.936370849999889, 52.551509858000038 ], [ -118.932456969999961, 52.546558381000061 ], [ -118.931907654, 52.545864106000074 ], [ -118.928024291999918, 52.543205261000026 ], [ -118.915672302999965, 52.534748077000046 ], [ -118.909393310999931, 52.531112672000106 ], [ -118.908126831999923, 52.529640198000088 ], [ -118.905319212999984, 52.526367187000155 ], [ -118.904479980999895, 52.524433136 ], [ -118.903755186999888, 52.522777557000133 ], [ -118.902999878999935, 52.51879119900012 ], [ -118.906478881999931, 52.511623384000103 ], [ -118.906982422999945, 52.510196687000068 ], [ -118.908256529999903, 52.506607056000206 ], [ -118.907409667999957, 52.502143860000089 ], [ -118.905700682999893, 52.500068665000192 ], [ -118.905532837999871, 52.499866485000148 ], [ -118.904701233999887, 52.498867036000185 ], [ -118.900825499999883, 52.496307374000111 ], [ -118.900405884999884, 52.496028900000134 ], [ -118.897720336999896, 52.494087220000104 ], [ -118.891517638999971, 52.489597321000105 ], [ -118.887710569999911, 52.485954286000073 ], [ -118.886833191, 52.484428407000216 ], [ -118.885803222999911, 52.482624055000066 ], [ -118.885169982999855, 52.47843933100004 ], [ -118.885597228999913, 52.477031708 ], [ -118.886444090999944, 52.474231719000137 ], [ -118.888664244999973, 52.472778321000028 ], [ -118.893928528999879, 52.470989227000025 ], [ -118.897567748999975, 52.470272064000184 ], [ -118.904472351, 52.46891403200005 ], [ -118.908981323999981, 52.468338013000093 ], [ -118.910202025999979, 52.468002320000068 ], [ -118.91217041099992, 52.467456817000169 ], [ -118.914710997999975, 52.466419220000013 ], [ -118.917129515999989, 52.465244293000048 ], [ -118.920776366999931, 52.464237213000061 ], [ -118.924423217999973, 52.463230134000156 ], [ -118.927131651999957, 52.460968018000159 ], [ -118.92779541099992, 52.458930970000054 ], [ -118.927970886999958, 52.458389282000169 ], [ -118.929397582999968, 52.455139160000208 ], [ -118.93088531599993, 52.453544617000134 ], [ -118.931083679999858, 52.453334808000108 ], [ -118.931175231999987, 52.453311921000093 ], [ -118.935966491, 52.452148437000055 ], [ -118.938812254999888, 52.444149017000072 ], [ -118.939933776999965, 52.442329407000152 ], [ -118.940361021999976, 52.441768646 ], [ -118.941879272999913, 52.439777375 ], [ -118.933860777999939, 52.435420990000061 ], [ -118.932472229999959, 52.434669494999973 ], [ -118.925964354999948, 52.429595948000042 ], [ -118.925025940999959, 52.428432465000149 ], [ -118.922645568999897, 52.425487518000111 ], [ -118.92212676999992, 52.423347472000145 ], [ -118.921844481999926, 52.422183990000171 ], [ -118.92417144799991, 52.419025422000097 ], [ -118.93103790299989, 52.41279602 ], [ -118.931900022999983, 52.410411836000058 ], [ -118.930778502999814, 52.408306122000148 ], [ -118.930305480999962, 52.407867432000145 ], [ -118.926559447999963, 52.404380798000098 ], [ -118.93838501, 52.39667511 ], [ -118.948196411999888, 52.391273499000107 ], [ -118.944404601999963, 52.387546540000038 ], [ -118.942558287999987, 52.385730744000057 ], [ -118.938400267999967, 52.3807144170001 ], [ -118.935386656999981, 52.37604904100003 ], [ -118.934524535999955, 52.374351501000099 ], [ -118.933471678999965, 52.372287750000218 ], [ -118.933235167999953, 52.371368409 ], [ -118.93238830599995, 52.368164064000055 ], [ -118.928970335999963, 52.362941742000089 ], [ -118.928909300999976, 52.362857818000094 ], [ -118.926185607999955, 52.358886719 ], [ -118.926635741999988, 52.354228973000133 ], [ -118.926689148999969, 52.353652953999976 ], [ -118.916336058999903, 52.348678587999977 ], [ -118.909706115999938, 52.34548950200017 ], [ -118.891395567999894, 52.344261169000184 ], [ -118.88828277699993, 52.34405517700003 ], [ -118.88779449399992, 52.344062805000036 ], [ -118.868812561999832, 52.344356538000149 ], [ -118.862182616999959, 52.343372345000041 ], [ -118.855514525999908, 52.341464998 ], [ -118.841926574999874, 52.334903718000106 ], [ -118.831916807999903, 52.33110809300009 ], [ -118.822486875999971, 52.327819824000045 ], [ -118.816642761999859, 52.325813294000092 ], [ -118.80758667, 52.322422028000155 ], [ -118.799827576999959, 52.319686890000234 ], [ -118.798431395999884, 52.319194794000119 ], [ -118.792564391999861, 52.317462921000107 ], [ -118.790710449999935, 52.315555573000069 ], [ -118.789894104, 52.314716339000078 ], [ -118.788116455999884, 52.311996460000138 ], [ -118.786933897999916, 52.308303834000178 ], [ -118.78704071, 52.306667327000042 ], [ -118.788467407, 52.305336000000153 ], [ -118.78850555399994, 52.30532455400008 ], [ -118.791732788, 52.304431915000166 ], [ -118.796829223999978, 52.304229736000124 ], [ -118.797950743999934, 52.304058075000221 ], [ -118.801147460999928, 52.303569794000211 ], [ -118.805725098, 52.301769257000153 ], [ -118.808074950999981, 52.301120757000113 ], [ -118.81099700999998, 52.30031204200013 ], [ -118.813835142999935, 52.299129486000155 ], [ -118.816352844, 52.297290803000138 ], [ -118.817390441999976, 52.296535492000082 ], [ -118.81927490299995, 52.295192719000092 ], [ -118.821693420999864, 52.29347229100005 ], [ -118.823173522999923, 52.292354584000165 ], [ -118.824501038, 52.291355132000049 ], [ -118.825843810999984, 52.290935517000101 ], [ -118.828414916999975, 52.290138245000023 ], [ -118.832298278999929, 52.289466859000044 ], [ -118.836761474999946, 52.289302826000082 ], [ -118.838668821999988, 52.288639070000123 ], [ -118.841186522999976, 52.287006378000179 ], [ -118.842857360999915, 52.286006927000201 ], [ -118.845878599999935, 52.284767151000082 ], [ -118.846572874999922, 52.283638001000121 ], [ -118.846832274999869, 52.281021118000162 ], [ -118.847152709999932, 52.280193328999978 ], [ -118.847579956999923, 52.279071809000087 ], [ -118.84953308099989, 52.277862550000179 ], [ -118.852684020999973, 52.275913239000133 ], [ -118.857055663999972, 52.274295808000083 ], [ -118.859886168999878, 52.273246766000192 ], [ -118.861633300999912, 52.272663115999968 ], [ -118.862174987999978, 52.272483825000137 ], [ -118.866744994999934, 52.270160676000117 ], [ -118.867416381999874, 52.269821168000064 ], [ -118.870780943999989, 52.268753053000083 ], [ -118.874969482999958, 52.26732254100019 ], [ -118.878105162999987, 52.266090393000177 ], [ -118.879539489999914, 52.265522004000189 ], [ -118.88265228299997, 52.264122009000076 ], [ -118.884201049999874, 52.260879517000149 ], [ -118.889434813999856, 52.250072480000114 ], [ -118.890960692999897, 52.246940613000056 ], [ -118.891288757999988, 52.245704651000089 ], [ -118.900711058999889, 52.238357544000174 ], [ -118.899955748999943, 52.237586975000092 ], [ -118.898307798999952, 52.235900879000013 ], [ -118.88726806699998, 52.236267091000087 ], [ -118.8844299309999, 52.236358643000067 ], [ -118.881729125, 52.237136841000172 ], [ -118.878852844999869, 52.237964630000207 ], [ -118.877456664999897, 52.238365174000066 ], [ -118.876091002999942, 52.238758087000157 ], [ -118.874588012999922, 52.238349916000068 ], [ -118.873123168999882, 52.238079071000108 ], [ -118.864730835999978, 52.236530303000059 ], [ -118.847541809999882, 52.233928681000158 ], [ -118.843490599999882, 52.233291626000032 ], [ -118.840141295999913, 52.232765199000106 ], [ -118.83813476499995, 52.23211288400006 ], [ -118.836715697999978, 52.230766296000141 ], [ -118.833930969999926, 52.226982116000087 ], [ -118.833480833999943, 52.225666046000043 ], [ -118.832878112999879, 52.223926545000083 ], [ -118.833122253999974, 52.221580505000162 ], [ -118.83536529499996, 52.219886781000156 ], [ -118.838142394999977, 52.218906402000179 ], [ -118.838829039999936, 52.218662263000141 ], [ -118.841461182999922, 52.218322755000109 ], [ -118.84421539199991, 52.217971801 ], [ -118.844940185999917, 52.217876433999976 ], [ -118.847801207999979, 52.217514039000164 ], [ -118.849945067999954, 52.216102601000024 ], [ -118.851325987999928, 52.215194703000066 ], [ -118.851638794999971, 52.21403884900019 ], [ -118.851799011999901, 52.213455200000091 ], [ -118.849655151999983, 52.209362030000015 ], [ -118.84803009099987, 52.207550050000073 ], [ -118.847251891999974, 52.206680297000105 ], [ -118.846534728, 52.206333161000181 ], [ -118.84388732899987, 52.205066681000162 ], [ -118.837867736999883, 52.203907014000031 ], [ -118.836769102999938, 52.203693390000119 ], [ -118.835594177999894, 52.203380585000104 ], [ -118.831611633999913, 52.202308655000046 ], [ -118.830223083999954, 52.201648713000147 ], [ -118.828598022999927, 52.200870515000069 ], [ -118.820327757999905, 52.193111421000076 ], [ -118.813171386999954, 52.186393739000074 ], [ -118.806632995999962, 52.18038940500017 ], [ -118.802963255999899, 52.177017212000052 ], [ -118.807151795, 52.175472260000156 ], [ -118.811302184999988, 52.173938752000083 ], [ -118.814506529999889, 52.1725234990001 ], [ -118.817504882999856, 52.171195984000221 ], [ -118.824226379999985, 52.169143678000161 ], [ -118.828796386999826, 52.167747498000146 ], [ -118.829315185999988, 52.167449951000116 ], [ -118.831764220999887, 52.166061401000135 ], [ -118.833465575999981, 52.164119719999967 ], [ -118.834808348999971, 52.159721374000057 ], [ -118.836151123999969, 52.153079987000055 ], [ -118.837593078999973, 52.145973205000196 ], [ -118.840148925999983, 52.143863678000152 ], [ -118.841674804999954, 52.142604828999964 ], [ -118.844352723, 52.141029358000175 ], [ -118.849594116, 52.137165070000165 ], [ -118.849716186999956, 52.137077333000057 ], [ -118.85079955999997, 52.133487702000203 ], [ -118.850952147999976, 52.132961273000056 ], [ -118.850692747999929, 52.127094270000178 ], [ -118.851325987999928, 52.125473022000143 ], [ -118.852561950999984, 52.122291565000062 ], [ -118.854408263999971, 52.120223998000114 ], [ -118.855072020999899, 52.119483948000052 ], [ -118.85802459699994, 52.115726472000205 ], [ -118.86419677799995, 52.106594087000133 ], [ -118.864494323999963, 52.106048584 ], [ -118.866561888999968, 52.102260589000025 ], [ -118.864906310999928, 52.100421905000125 ], [ -118.864700316999844, 52.100292206000184 ], [ -118.862548827999845, 52.098907472000185 ], [ -118.861518859999876, 52.096511842000055 ], [ -118.86038971, 52.09426498400012 ], [ -118.85445404099994, 52.087867737000067 ], [ -118.867240905999836, 52.079475404000085 ], [ -118.872726439999951, 52.075878143000132 ], [ -118.872505187999977, 52.073169708000158 ], [ -118.872406004999974, 52.071975707000014 ], [ -118.87183380099998, 52.070960999000064 ], [ -118.871376036999962, 52.070152282 ], [ -118.868530273999895, 52.06768417400005 ], [ -118.865303039999887, 52.066539765000194 ], [ -118.860351562999981, 52.066001892 ], [ -118.857124329, 52.065067291000027 ], [ -118.854957579999834, 52.064437866000091 ], [ -118.854690552999941, 52.064208986000139 ], [ -118.851310729999923, 52.061298370000017 ], [ -118.848175049999895, 52.058017731000149 ], [ -118.848182677999887, 52.056610107000182 ], [ -118.851280212999953, 52.049232484000221 ], [ -118.853843687999969, 52.047172547000201 ], [ -118.855911254999953, 52.045513152000069 ], [ -118.86038971, 52.044651032000154 ], [ -118.863357543999939, 52.044082642000028 ], [ -118.869934082, 52.043548585000217 ], [ -118.871917724999889, 52.043388367000063 ], [ -118.875663757999973, 52.042854309999989 ], [ -118.879753111999946, 52.042381288000186 ], [ -118.887413026, 52.041492462000157 ], [ -118.891258238999896, 52.040668488000158 ], [ -118.895385741999931, 52.039779663000125 ], [ -118.901237488999911, 52.038227081000088 ], [ -118.906875610999961, 52.036731721000137 ], [ -118.908775329999983, 52.036251068000027 ], [ -118.909408568999936, 52.036090851000068 ], [ -118.910774230999934, 52.036235810000029 ], [ -118.912216185999981, 52.03639221200001 ], [ -118.916542052999901, 52.038375855000112 ], [ -118.91706848099993, 52.038616181000123 ], [ -118.919517517999978, 52.039402008000216 ], [ -118.925170897999919, 52.038425445000122 ], [ -118.926132202999952, 52.038257600000179 ], [ -118.936279295999952, 52.034015656 ], [ -118.941810607999912, 52.030326843000083 ], [ -118.942481994, 52.029197693000086 ], [ -118.944313049999963, 52.026111603000174 ], [ -118.945899963999963, 52.018348694000146 ], [ -118.947441100999882, 52.01078796500007 ], [ -118.948387145999973, 52.008914947 ], [ -118.949470518999988, 52.006767274000026 ], [ -118.95086669899996, 52.005794526000052 ], [ -118.952072143999871, 52.004955292000048 ], [ -118.956817625999861, 52.003242494000091 ], [ -118.956123350999974, 52.001457215000059 ], [ -118.955703735999975, 52.000389100000035 ], [ -118.955780029999971, 52.000339507999989 ], [ -118.956260681999879, 52.000045777000174 ], [ -118.96167755099998, 51.996673584000099 ], [ -118.965766907999921, 51.993274689 ], [ -118.972023010999919, 51.988082886000022 ], [ -118.972488402999886, 51.986522675000153 ], [ -118.972831725999981, 51.985363006000071 ], [ -118.973014831999933, 51.982242585000087 ], [ -118.972915649999891, 51.981742859000114 ], [ -118.97196960399998, 51.977165222000167 ], [ -118.968101501999897, 51.975563049000023 ], [ -118.966506957999968, 51.974983215000016 ], [ -118.964431762999951, 51.974227905000085 ], [ -118.955436705999887, 51.9721412660002 ], [ -118.950019836999971, 51.970882415000204 ], [ -118.94245910599993, 51.969036103000157 ], [ -118.930717467999841, 51.966571808000133 ], [ -118.9265823369999, 51.966785431000112 ], [ -118.925132750999964, 51.966857911000112 ], [ -118.919059753999932, 51.966194153000039 ], [ -118.917854309999939, 51.965950012000121 ], [ -118.916145324999945, 51.965602875000187 ], [ -118.913795471999833, 51.964660646000112 ], [ -118.906028747999983, 51.961402893000127 ], [ -118.903923034999949, 51.960201264000112 ], [ -118.902389525999965, 51.959323883000046 ], [ -118.900680542999964, 51.958602905000063 ], [ -118.895935057999978, 51.95659256000009 ], [ -118.891159056999982, 51.954029083000208 ], [ -118.894287107999943, 51.949890136000164 ], [ -118.895622252999942, 51.948116303000191 ], [ -118.898834228999988, 51.945301056000226 ], [ -118.900657653999943, 51.942428589000116 ], [ -118.902328489999888, 51.939964294000042 ], [ -118.902748106999979, 51.939350128000051 ], [ -118.903312683999957, 51.936317443000029 ], [ -118.90598297099983, 51.93135452300006 ], [ -118.908294676999944, 51.928474426000115 ], [ -118.908660888999975, 51.928016664000033 ], [ -118.912101745999863, 51.927177430000079 ], [ -118.914009094999912, 51.92671203499998 ], [ -118.921936036, 51.92666626 ], [ -118.934707641999921, 51.927173614000068 ], [ -118.941558838, 51.92741012600014 ], [ -118.944458006999966, 51.927509307999919 ], [ -118.948257446999904, 51.928764344000079 ], [ -118.950736998999901, 51.929584503000186 ], [ -118.952827453999916, 51.930244446000174 ], [ -118.954849243999888, 51.930675506000092 ], [ -118.962516784999877, 51.932319641000191 ], [ -118.971549988999982, 51.93419647300005 ], [ -118.975097656999878, 51.934421539 ], [ -118.976753234999975, 51.934528351000097 ], [ -118.984748839999966, 51.932601929000086 ], [ -118.985923766999989, 51.932106018000155 ], [ -118.987899779999964, 51.931266783999973 ], [ -118.989234924999963, 51.929553986 ], [ -118.989402769999984, 51.928627015000195 ], [ -118.989540098999896, 51.92786788900009 ], [ -118.989250182999967, 51.927139283000038 ], [ -118.988815307999985, 51.926029206000102 ], [ -118.988380431999872, 51.923336029000083 ], [ -118.987800597999936, 51.921768189000034 ], [ -118.98717498799995, 51.920063019000175 ], [ -118.984497069999989, 51.917552948000115 ], [ -118.981422423999945, 51.915771485000015 ], [ -118.97892761199995, 51.914325715000132 ], [ -118.978958130999899, 51.912548066000056 ], [ -118.97898101699991, 51.911304473000044 ], [ -118.975074768999946, 51.903629304000169 ], [ -118.970909118999884, 51.895450593000135 ], [ -118.969535826999959, 51.893779755000118 ], [ -118.96800994799996, 51.891918181999969 ], [ -118.966117858999951, 51.887081146000185 ], [ -118.969848633999959, 51.877532958000103 ], [ -118.972793578999941, 51.872810364000131 ], [ -118.977081297999973, 51.870643616000102 ], [ -118.980087280999882, 51.869537353999981 ], [ -118.981468200999913, 51.869026185000095 ], [ -118.990432738999857, 51.86759185800004 ], [ -118.99031066799995, 51.864528656000083 ], [ -118.988609312999984, 51.864048004000111 ], [ -118.988487244999988, 51.864002229000072 ], [ -118.986015318999932, 51.863052366999973 ], [ -118.982231138999907, 51.86141967800004 ], [ -118.976051329999919, 51.858757019000095 ], [ -118.962303160999966, 51.854690553000026 ], [ -118.960769652999829, 51.854236604000079 ], [ -118.950462341, 51.84946441600011 ], [ -118.94908142099996, 51.846942902000194 ], [ -118.949272154999861, 51.84582519500001 ], [ -118.949485779999918, 51.844532014000038 ], [ -118.949218749999957, 51.843158722000119 ], [ -118.948593139999971, 51.83992767400008 ], [ -118.947326660999963, 51.836509706000079 ], [ -118.947601318999872, 51.835384368000092 ], [ -118.94794463999996, 51.833976745000037 ], [ -118.949844360999933, 51.831077576 ], [ -118.952163694999911, 51.829868317000091 ], [ -118.953575133999891, 51.829132080000164 ], [ -118.958374023999838, 51.827655793000211 ], [ -118.961265563999916, 51.826248170000191 ], [ -118.965217589999966, 51.824329377000133 ], [ -118.963752745999898, 51.820781709000215 ], [ -118.963577269999988, 51.819614411000103 ], [ -118.96336364799987, 51.818138123000146 ], [ -118.962654113999974, 51.815044403000087 ], [ -118.962486266999917, 51.814327239000157 ], [ -118.962242126999968, 51.813308716000172 ], [ -118.961578368999952, 51.810558320000084 ], [ -118.960571288999901, 51.809440613000092 ], [ -118.958862303999922, 51.80755233899994 ], [ -118.954742430999943, 51.803642273000165 ], [ -118.953460693999958, 51.802429199000123 ], [ -118.945549010999969, 51.796539308000156 ], [ -118.942909240999867, 51.793949127000154 ], [ -118.942260741, 51.793312072000099 ], [ -118.938972471999918, 51.792896269999943 ], [ -118.937545775999922, 51.79292678900012 ], [ -118.936386107999894, 51.792949677000074 ], [ -118.924293518999889, 51.794303893000162 ], [ -118.921234130999892, 51.793502808000063 ], [ -118.920082091999959, 51.792850495000046 ], [ -118.917907714999885, 51.79162597800007 ], [ -118.910346985999965, 51.787620545000038 ], [ -118.907386779999925, 51.78658294700007 ], [ -118.906196594, 51.786167145000078 ], [ -118.90545654399989, 51.786151886000077 ], [ -118.900321960999975, 51.786026000000177 ], [ -118.895675657999902, 51.786567688000019 ], [ -118.891235351999953, 51.786060334000126 ], [ -118.889045714999881, 51.78580856300001 ], [ -118.886009216, 51.78298568800011 ], [ -118.885658263999915, 51.778553010000181 ], [ -118.88596344099993, 51.777770996000157 ], [ -118.887016296999931, 51.775043488000073 ], [ -118.894577026999968, 51.767135619999948 ], [ -118.895187377999946, 51.766494750000106 ], [ -118.897605895999973, 51.763450623000018 ], [ -118.894531249999829, 51.756214141000044 ], [ -118.893959044999932, 51.754867553000054 ], [ -118.89192962599985, 51.752853393000173 ], [ -118.890640259999927, 51.751583099000079 ], [ -118.890304565999955, 51.751010895000135 ], [ -118.88974761999998, 51.750076293000056 ], [ -118.888366697999857, 51.7477531440002 ], [ -118.885719298999902, 51.73310852100019 ], [ -118.886238097999936, 51.731723786000117 ], [ -118.886520386999962, 51.730968475000026 ], [ -118.887680053999986, 51.730056763000064 ], [ -118.888549803999979, 51.729377746000083 ], [ -118.891555784999923, 51.728149413000018 ], [ -118.911010741999974, 51.721054078000101 ], [ -118.916244506999874, 51.719200134000047 ], [ -118.918655394999959, 51.717433929000023 ], [ -118.918739318999869, 51.716972352000035 ], [ -118.919044495999913, 51.715282440000067 ], [ -118.917800902999943, 51.70822525 ], [ -118.917778013999907, 51.703250884000063 ], [ -118.919982909999931, 51.700649262000049 ], [ -118.92435455199994, 51.69635391300006 ], [ -118.924095154999918, 51.689575196000106 ], [ -118.924392698999966, 51.689571381000206 ], [ -118.924499511999954, 51.689567566000122 ], [ -118.929679870999976, 51.690959931000123 ], [ -118.931190489999892, 51.693431854000188 ], [ -118.933128355999955, 51.696586609000143 ], [ -118.938064574999942, 51.702754976000065 ], [ -118.949119567999901, 51.700325012000071 ], [ -118.954521178, 51.700874328000033 ], [ -118.961318968999976, 51.701564790000191 ], [ -118.968589782999913, 51.696075440000172 ], [ -118.979362486999946, 51.69234848100011 ], [ -118.989173888999986, 51.690757751000056 ], [ -118.999999998999911, 51.689002991000066 ], [ -119.007667541, 51.687759400000139 ], [ -119.010223387999986, 51.687347412000115 ], [ -119.010772703999976, 51.684619904000058 ], [ -119.010986328999863, 51.683555604000055 ], [ -119.01084136999998, 51.683506011000134 ], [ -119.010169982999926, 51.683277131000033 ], [ -118.999999998999911, 51.679763794000024 ], [ -118.999389647999848, 51.67955398600008 ], [ -118.99915313699988, 51.679473877000127 ], [ -118.998046874999943, 51.678062439000101 ], [ -118.995803832999911, 51.675193786999969 ], [ -118.995147704999965, 51.671573640000048 ], [ -118.994789122999975, 51.669567108000166 ], [ -118.989997862999914, 51.667026519000132 ], [ -118.976013182999978, 51.659606934000038 ], [ -118.975639342999955, 51.659023284000135 ], [ -118.971252441999965, 51.652214050000211 ], [ -118.978393554, 51.644218445000021 ], [ -118.978179931999975, 51.644214630000157 ], [ -118.98175811699987, 51.640911103000107 ], [ -118.981964111999829, 51.640247344000016 ], [ -118.983497619, 51.635398865000013 ], [ -118.975624085, 51.62744140700012 ], [ -118.968399047999924, 51.619441987000101 ], [ -118.960632324999821, 51.609733582000061 ], [ -118.957931517999882, 51.60187149100009 ], [ -118.957763672999988, 51.601367950000139 ], [ -118.961921691999919, 51.597183229000144 ], [ -118.97287750299995, 51.595706940000127 ], [ -118.972389220999958, 51.594066620000156 ], [ -118.969535826999959, 51.583229065000019 ], [ -118.969284057999985, 51.582263947000072 ], [ -118.968986510999969, 51.581630707000102 ], [ -118.966041564999841, 51.575294495000087 ], [ -118.970962523999958, 51.566875458000077 ], [ -118.974937439999948, 51.561820984000164 ], [ -118.981109619, 51.553966523000049 ], [ -118.981948852999906, 51.550148010000179 ], [ -118.982086182, 51.549514770000066 ], [ -118.982513427999876, 51.547557831000191 ], [ -118.98316955599995, 51.544578552000111 ], [ -118.983558653999978, 51.542808533000155 ], [ -118.977127074999942, 51.538543701000059 ], [ -118.970672607999859, 51.534267426000021 ], [ -118.969429016999968, 51.533302308000081 ], [ -118.964630126999978, 51.529598237000144 ], [ -118.955436705999887, 51.517578126000032 ], [ -118.950027464999906, 51.507926941000115 ], [ -118.954635620999952, 51.504966735000103 ], [ -118.962303160999966, 51.500038147000168 ], [ -118.962394714999888, 51.49998474200013 ], [ -118.963241576999962, 51.49646759000008 ], [ -118.96451568599997, 51.491207123000102 ], [ -118.95461273199993, 51.476085664000131 ], [ -118.952011107999979, 51.472106933000212 ], [ -118.952438354999984, 51.468513489 ], [ -118.953231810999895, 51.461940766000062 ], [ -118.96093749899994, 51.453594208000126 ], [ -118.961608887999873, 51.453182221000205 ], [ -118.966957092999905, 51.449882507000048 ], [ -118.971397398999954, 51.449466705000049 ], [ -118.974479675999987, 51.449180603000073 ], [ -118.97892761199995, 51.445892334000177 ], [ -118.983276367999949, 51.442668916000159 ], [ -118.999999998999911, 51.431339265000247 ], [ -119.028747558999953, 51.4236564650001 ], [ -119.039741516999925, 51.414508819000133 ], [ -119.050575256999863, 51.401668549000171 ], [ -119.058471679, 51.39583587600012 ], [ -119.068389891999914, 51.392639161000119 ], [ -119.075828552999909, 51.390239716000139 ], [ -119.08360290499985, 51.393039703000113 ], [ -119.088447570999961, 51.396537782000038 ], [ -119.089706420999903, 51.396244050000121 ], [ -119.091194152999833, 51.395896912000154 ], [ -119.092155456999876, 51.394737245 ], [ -119.092605591, 51.394195557000138 ], [ -119.09588622999992, 51.390239716000139 ], [ -119.097900389999964, 51.387813568000084 ], [ -119.102447509999934, 51.383167268000079 ], [ -119.107955932999971, 51.377525331000157 ], [ -119.108009338, 51.377468110000152 ], [ -119.108177185999978, 51.377357482999969 ], [ -119.108703612999932, 51.377021790000185 ], [ -119.12560272199994, 51.369697571000216 ], [ -119.133125304999908, 51.366439819000107 ], [ -119.146492003999938, 51.365543366999972 ], [ -119.150222778999876, 51.362400055000194 ], [ -119.153732299999888, 51.359443666000075 ], [ -119.179740906999882, 51.356079101000098 ], [ -119.183937072999981, 51.355537415000029 ], [ -119.186317444999943, 51.355228424000188 ], [ -119.188522337999942, 51.339252472000119 ], [ -119.19058227499994, 51.324344636000113 ], [ -119.191421508999952, 51.318260194000096 ], [ -119.198837278999989, 51.31845855800006 ], [ -119.201820373999965, 51.318538667000141 ], [ -119.20281982399996, 51.318565368000087 ], [ -119.204231261999951, 51.318607330000063 ], [ -119.204170226999963, 51.317913055000098 ], [ -119.203651427999944, 51.311817168999951 ], [ -119.206855774999951, 51.31178283800007 ], [ -119.210731507, 51.311737061000159 ], [ -119.219573973999971, 51.311634063000149 ], [ -119.219772337999913, 51.31010055600013 ], [ -119.220161437999877, 51.30715179500001 ], [ -119.220535277999886, 51.304279328000185 ], [ -119.220825194999975, 51.302028656000033 ], [ -119.221817015999989, 51.294361114000132 ], [ -119.22270965499996, 51.287487029000047 ], [ -119.223625182999854, 51.280452729000153 ], [ -119.227691650999873, 51.276710511000168 ], [ -119.236351011999943, 51.268733978000128 ], [ -119.255386351999832, 51.264362336000147 ], [ -119.274147032999906, 51.257804871000076 ], [ -119.28395080499989, 51.251918793000037 ], [ -119.287078856999926, 51.250038147000019 ], [ -119.287490845999969, 51.249790193000145 ], [ -119.287635802999873, 51.249790193000145 ], [ -119.289710997999933, 51.248710632000076 ], [ -119.293159483999901, 51.246913910000124 ], [ -119.297790525999986, 51.246883392000029 ], [ -119.302009581999926, 51.246856690000122 ], [ -119.31175994799986, 51.24846267800023 ], [ -119.313964843999941, 51.249843598000027 ], [ -119.314048767999978, 51.24989318800008 ], [ -119.31431579599996, 51.250057220000116 ], [ -119.317436218999944, 51.252017975000065 ], [ -119.319259643999885, 51.252563477000081 ], [ -119.323318481999976, 51.253776550000154 ], [ -119.33560943599997, 51.254646301000079 ], [ -119.345458984999937, 51.255008697000086 ], [ -119.349784849999921, 51.255165100000141 ], [ -119.362556457999915, 51.256275177000092 ], [ -119.363327026999968, 51.256248475000156 ], [ -119.370048521999934, 51.256031037000163 ], [ -119.370201111999961, 51.255966187000062 ], [ -119.37539672799987, 51.253711701000043 ], [ -119.375251770999967, 51.252445222000183 ], [ -119.375236509999851, 51.252296448000102 ], [ -119.375152588999924, 51.251564026000111 ], [ -119.374992370999891, 51.25007629400011 ], [ -119.374977112999886, 51.249938965000219 ], [ -119.375129699999889, 51.249938965000219 ], [ -119.383262633999934, 51.243770600000055 ], [ -119.385856627999885, 51.241802216000139 ], [ -119.407943724999896, 51.232162476000092 ], [ -119.40882873399994, 51.231983185999972 ], [ -119.409080505999938, 51.231933594000196 ], [ -119.410583495999958, 51.231624604000153 ], [ -119.416122435999966, 51.230491638 ], [ -119.420410156999978, 51.229614257000094 ], [ -119.424659728999984, 51.228748322000065 ], [ -119.428924560999974, 51.226951600000035 ], [ -119.432113647999984, 51.225605012000173 ], [ -119.436309813999983, 51.223834992000079 ], [ -119.44002532899998, 51.222270966000103 ], [ -119.441802979, 51.21942520200011 ], [ -119.444854736999901, 51.214542389000144 ], [ -119.443443298999895, 51.203311920000026 ], [ -119.439750670999842, 51.195011138000112 ], [ -119.438919066999958, 51.193130493000091 ], [ -119.439071655999953, 51.187202454999969 ], [ -119.439178466999905, 51.18278122 ], [ -119.441688536999948, 51.182552337000054 ], [ -119.460922241, 51.180789947000015 ], [ -119.470687865999949, 51.179893495000123 ], [ -119.470886229999849, 51.179874421000129 ], [ -119.471427917999904, 51.179630280000126 ], [ -119.471565246999901, 51.179824829000168 ], [ -119.471672058999943, 51.179988862000101 ], [ -119.47342681899984, 51.179588318000221 ], [ -119.473686217999941, 51.179489135999987 ], [ -119.474212645999899, 51.179290772000115 ], [ -119.474822998999969, 51.178905486000204 ], [ -119.475242613999967, 51.178649902000188 ], [ -119.475311279999957, 51.17830658 ], [ -119.475410461999914, 51.177852632000132 ], [ -119.481025694999985, 51.175289154000097 ], [ -119.482521056999985, 51.174613953000161 ], [ -119.482872008999877, 51.174453734999943 ], [ -119.483398437999938, 51.174217224000124 ], [ -119.483436585, 51.174179077000197 ], [ -119.490112304999954, 51.167514802000099 ], [ -119.490509033999956, 51.167076112000203 ], [ -119.493171691999962, 51.164077759000172 ], [ -119.495590209999975, 51.161354066000243 ], [ -119.498733519999931, 51.157810212 ], [ -119.499839781999967, 51.156295777000032 ], [ -119.499999998999897, 51.156070709000055 ], [ -119.50044250499991, 51.15546035800012 ], [ -119.502044676999958, 51.153247834000226 ], [ -119.502563476999896, 51.152534485000032 ], [ -119.503341674999888, 51.151462555000158 ], [ -119.503677368999945, 51.151004791000169 ], [ -119.504722594999919, 51.14955902100008 ], [ -119.504913328999976, 51.149299621000125 ], [ -119.506439207999975, 51.147193910000027 ], [ -119.508987426999852, 51.143680573 ], [ -119.509223938999966, 51.141281128 ], [ -119.509384155999896, 51.139633178000125 ], [ -119.50987243699997, 51.134651185000138 ], [ -119.509780884999941, 51.134555818000102 ], [ -119.511054991999956, 51.131881715000048 ], [ -119.511077880999892, 51.131824493000146 ], [ -119.510574341999984, 51.130607605000172 ], [ -119.509689330999961, 51.128494264000039 ], [ -119.50916290299989, 51.125106812 ], [ -119.508842467999941, 51.123027802000138 ], [ -119.508636473999942, 51.121696473000021 ], [ -119.508232117, 51.119041443000157 ], [ -119.513572692999915, 51.111339570000169 ], [ -119.522254943999826, 51.108211518000154 ], [ -119.525299071999882, 51.107112885000113 ], [ -119.524894714999903, 51.105709076000018 ], [ -119.523864746999934, 51.10216140700004 ], [ -119.523521423999966, 51.100959778000181 ], [ -119.523979186999952, 51.095146179000118 ], [ -119.524131774999958, 51.093170166000071 ], [ -119.516967773999951, 51.090061188000071 ], [ -119.515686033999941, 51.086681367000139 ], [ -119.515655517999903, 51.086608886000029 ], [ -119.514427184999988, 51.079059600000058 ], [ -119.511047363999921, 51.07199859600005 ], [ -119.50731658899997, 51.066623687000082 ], [ -119.508560179999961, 51.059726716 ], [ -119.509559631999934, 51.054180146000192 ], [ -119.510734556999978, 51.051807403000147 ], [ -119.515068054999972, 51.043083191000086 ], [ -119.517082213999913, 51.040004730000192 ], [ -119.519470213999966, 51.036342621000131 ], [ -119.521812438999959, 51.032623291 ], [ -119.523262023999905, 51.031200410000196 ], [ -119.527633666999975, 51.027404785000137 ], [ -119.534385679999957, 51.022483826000133 ], [ -119.536872863999989, 51.020511627000118 ], [ -119.539619445999961, 51.018329621000078 ], [ -119.541183470999968, 51.016979218000166 ], [ -119.543266295999956, 51.015186309 ], [ -119.543861388999929, 51.014667510000031 ], [ -119.544486998999957, 51.014141083000084 ], [ -119.54724121, 51.011829377000147 ], [ -119.548263549999888, 51.010990143000093 ], [ -119.538757324999963, 51.001609803000107 ], [ -119.538230895999959, 51.000900270000081 ], [ -119.538200378999932, 51.000858308000055 ], [ -119.537986755999952, 51.000102997000084 ], [ -119.537971495999912, 51.000038147000119 ], [ -119.537956238, 50.999874115000239 ], [ -119.537826538999923, 50.98857879700018 ], [ -119.537826538999923, 50.988277436000054 ], [ -119.537483214999938, 50.986083985000178 ], [ -119.537345885999841, 50.985160827000151 ], [ -119.537109374999872, 50.983558655000067 ], [ -119.538108825, 50.983558655000067 ], [ -119.54007720899989, 50.983558655000067 ], [ -119.555465697999921, 50.983551025000153 ], [ -119.557441710999925, 50.983551025000153 ], [ -119.566802978999988, 50.983547212000111 ], [ -119.573638916999968, 50.983539581000144 ], [ -119.574424743999828, 50.983539581000144 ], [ -119.575721739999963, 50.983539581000123 ], [ -119.595153807999949, 50.983268739000103 ], [ -119.595466614999921, 50.983272554000187 ], [ -119.599555968999894, 50.983314514000085 ], [ -119.600730896999835, 50.983325959 ], [ -119.605484008999895, 50.98337173599996 ], [ -119.606201172999988, 50.983379364000093 ], [ -119.606513977999953, 50.983383179000207 ], [ -119.607086181999875, 50.983386994000028 ], [ -119.611671447, 50.983432769000146 ], [ -119.613105773999848, 50.983448029000037 ], [ -119.619758605999891, 50.98351287800007 ], [ -119.620155333999932, 50.983516693000183 ], [ -119.627349853999988, 50.983585358000106 ], [ -119.638633727999931, 50.983695984000207 ], [ -119.647010802999958, 50.983776093000131 ], [ -119.64956664999994, 50.983787538000129 ], [ -119.653175353999984, 50.983802796000084 ], [ -119.65666961799991, 50.983814239000104 ], [ -119.657127379999949, 50.983814239000104 ], [ -119.660163878999924, 50.983825685000141 ], [ -119.663307188999966, 50.983837128000118 ], [ -119.666511535999987, 50.983852386000137 ], [ -119.669029236999918, 50.983863831000136 ], [ -119.67121124199997, 50.983871460000145 ], [ -119.683120726999945, 50.983913422000036 ], [ -119.700424192999876, 50.983753204000152 ], [ -119.696601866999927, 50.982139588000052 ], [ -119.696548461999939, 50.982120515000119 ], [ -119.692520142999982, 50.980422973000024 ], [ -119.692481994, 50.980407715000219 ], [ -119.689361571999939, 50.979099273000124 ], [ -119.688552857, 50.978027342999987 ], [ -119.688514709999936, 50.977977753000204 ], [ -119.686775207999958, 50.975662231999969 ], [ -119.683723449999889, 50.971626283000084 ], [ -119.678329467999916, 50.970615388000084 ], [ -119.678001404999918, 50.970554353000047 ], [ -119.672180174999923, 50.965175628000104 ], [ -119.668807983999912, 50.962062835000019 ], [ -119.668647766999982, 50.958366394000173 ], [ -119.66852569599989, 50.955654145 ], [ -119.663368223999953, 50.951858522000087 ], [ -119.65828704899991, 50.948120117000116 ], [ -119.65825652999996, 50.948093415000052 ], [ -119.658187865999949, 50.948043823000049 ], [ -119.658164977999931, 50.947906494000151 ], [ -119.658142088999952, 50.947788239000054 ], [ -119.65809631299993, 50.947608948000052 ], [ -119.657653808999896, 50.945285797000125 ], [ -119.657829284999934, 50.942779541000029 ], [ -119.65638732999993, 50.941146850000052 ], [ -119.654930113999981, 50.939495087000076 ], [ -119.651168822999978, 50.935230255000128 ], [ -119.648620605999895, 50.932338715000149 ], [ -119.646125793999886, 50.929515840000114 ], [ -119.642829894999878, 50.925781249999957 ], [ -119.642776488999971, 50.925720215 ], [ -119.643043516999967, 50.925712586 ], [ -119.645133971999883, 50.925685883000021 ], [ -119.646812438999987, 50.925662993999978 ], [ -119.649276733999841, 50.925628663000111 ], [ -119.664367675999884, 50.925411225000033 ], [ -119.664367675999884, 50.924293517999971 ], [ -119.664344788, 50.918609619000094 ], [ -119.66433715699992, 50.914283753000099 ], [ -119.664329528999986, 50.91194534400011 ], [ -119.664329528999986, 50.911537170000088 ], [ -119.664321898999916, 50.90850067200013 ], [ -119.664314270999967, 50.907920838000138 ], [ -119.664306640999868, 50.907260895000029 ], [ -119.664306640999868, 50.905826570000137 ], [ -119.664306640999868, 50.903892517000074 ], [ -119.664306640999868, 50.903797150000031 ], [ -119.664306640999868, 50.903682709000051 ], [ -119.664299010999969, 50.902999878000166 ], [ -119.6642608639999, 50.891895294000108 ], [ -119.664222716999959, 50.87701034500013 ], [ -119.664215088999924, 50.874698639 ], [ -119.664215088999924, 50.874591828000142 ], [ -119.66419982799998, 50.867713929000104 ], [ -119.669639587999896, 50.86558151200019 ], [ -119.669448851999903, 50.865505218000067 ], [ -119.669067383999959, 50.865360261000063 ], [ -119.662750244999984, 50.863315582999952 ], [ -119.654411316999926, 50.860618591000076 ], [ -119.652069091999863, 50.85986328100018 ], [ -119.651031494, 50.859527587999978 ], [ -119.650222777999929, 50.859268188 ], [ -119.649810791, 50.859134674000146 ], [ -119.649612426999951, 50.859268188 ], [ -119.646461486999954, 50.861499787000035 ], [ -119.644508362999844, 50.86794281000013 ], [ -119.644119261999933, 50.869209289000047 ], [ -119.637794493999877, 50.871772767000081 ], [ -119.630508422, 50.877746582 ], [ -119.62882232599992, 50.877960206000147 ], [ -119.625633238999953, 50.878368378000218 ], [ -119.624671935999899, 50.878490449 ], [ -119.622131346999936, 50.877353667999976 ], [ -119.616188048999959, 50.87468338000005 ], [ -119.616058349999889, 50.874610902000185 ], [ -119.615928648999883, 50.874561310000118 ], [ -119.615806579999912, 50.874511720000072 ], [ -119.615676879999953, 50.874450684000166 ], [ -119.615478514999936, 50.874347687000117 ], [ -119.615440367999895, 50.874324799000128 ], [ -119.615386962999935, 50.874294282000086 ], [ -119.615287780999893, 50.874244690000197 ], [ -119.615249633999952, 50.874225617000128 ], [ -119.615135191999968, 50.874164581000024 ], [ -119.615036011999962, 50.874103546000114 ], [ -119.614944457999925, 50.874042511000063 ], [ -119.614715576999984, 50.873920440000177 ], [ -119.614593505999949, 50.873870850000145 ], [ -119.614501951999884, 50.873809815000214 ], [ -119.61441039999994, 50.87372970600007 ], [ -119.614311217999841, 50.87366104200003 ], [ -119.614204405999885, 50.873600007000029 ], [ -119.614089964999835, 50.873550415 ], [ -119.613990782999963, 50.873497010000129 ], [ -119.613883972999915, 50.873428344000146 ], [ -119.613815306999925, 50.873378754000164 ], [ -119.613723754999924, 50.873321534000183 ], [ -119.613693236999964, 50.873302461000158 ], [ -119.613624572999967, 50.873237610000167 ], [ -119.613540648999958, 50.87318039000013 ], [ -119.613502502999879, 50.873149871000116 ], [ -119.613357542999893, 50.873035431000034 ], [ -119.613265990999921, 50.872974396000053 ], [ -119.61305999699988, 50.872890472000066 ], [ -119.612876892999893, 50.872783661000028 ], [ -119.612800596999975, 50.872726441000026 ], [ -119.612716676, 50.87266159100006 ], [ -119.6126556399999, 50.872600555000133 ], [ -119.612586974999886, 50.87253952000016 ], [ -119.612525938999923, 50.872486115000136 ], [ -119.612464903999907, 50.872398376000064 ], [ -119.612449645999902, 50.872337341000069 ], [ -119.612503050999976, 50.872299194000178 ], [ -119.612541197999917, 50.872272492000107 ], [ -119.612625121999926, 50.872169494999937 ], [ -119.612632751999953, 50.872097017000094 ], [ -119.612625121999926, 50.871971131000159 ], [ -119.612609862999932, 50.871891022000106 ], [ -119.612571716, 50.871822357 ], [ -119.612525938999923, 50.871738435000026 ], [ -119.612487792999971, 50.871688843000193 ], [ -119.612464903999907, 50.871658326000016 ], [ -119.612403868999934, 50.871601106000135 ], [ -119.612304686999906, 50.871528625000131 ], [ -119.612106321999931, 50.871418 ], [ -119.612022400999976, 50.871353149000164 ], [ -119.611915587999931, 50.871307372000146 ], [ -119.611816405999832, 50.871246337000173 ], [ -119.61171722399996, 50.871200562000034 ], [ -119.611610411999933, 50.87115097 ], [ -119.611480712999949, 50.871070861000014 ], [ -119.611351013999979, 50.871009826000048 ], [ -119.611259459999943, 50.870948793000039 ], [ -119.611167907999913, 50.870880127000085 ], [ -119.611068725999985, 50.870803834000014 ], [ -119.610984801999948, 50.870742798000187 ], [ -119.610816956999827, 50.870643616000116 ], [ -119.610687255999949, 50.870559692000157 ], [ -119.61058044299989, 50.870479584000087 ], [ -119.610343931999921, 50.870296478000185 ], [ -119.610305785999969, 50.870269776000129 ], [ -119.610221864, 50.870216369000069 ], [ -119.610107420999896, 50.87014007500008 ], [ -119.60997772199994, 50.870071412000016 ], [ -119.609870909999984, 50.869998931000175 ], [ -119.609832762999943, 50.869968415000095 ], [ -119.609779357999955, 50.869930268000068 ], [ -119.609611509999908, 50.869815827000131 ], [ -119.609580993999884, 50.869792938999957 ], [ -119.609489441999926, 50.869720460000103 ], [ -119.609451292999907, 50.86969375700015 ], [ -119.609413145999966, 50.869651795000088 ], [ -119.609367370999948, 50.869621278000146 ], [ -119.609321594, 50.869590759000147 ], [ -119.609245300999987, 50.869522096000054 ], [ -119.609146117999956, 50.869449615000214 ], [ -119.609039305999829, 50.869373322000214 ], [ -119.60896301199989, 50.86931610100018 ], [ -119.608840941999929, 50.869224549000016 ], [ -119.608741759999972, 50.869136811000075 ], [ -119.608566283999934, 50.86896133500013 ], [ -119.608474732, 50.868888856000098 ], [ -119.608398438, 50.868808747000095 ], [ -119.608306883999887, 50.868732452000067 ], [ -119.608245848999914, 50.868659973000021 ], [ -119.608169554999947, 50.868591310000184 ], [ -119.608131407999849, 50.868530274000101 ], [ -119.608070372999876, 50.868465424000199 ], [ -119.60800933799986, 50.868396759000078 ], [ -119.607955932999957, 50.868343353000185 ], [ -119.607894897, 50.868274690000113 ], [ -119.607864380999956, 50.868247986000121 ], [ -119.607826233999887, 50.868209840000169 ], [ -119.607795714999966, 50.868175508000014 ], [ -119.607711790999929, 50.86809921200016 ], [ -119.607666015999897, 50.86803054900021 ], [ -119.607582092999976, 50.867938995000038 ], [ -119.607429504999843, 50.867797853000127 ], [ -119.607345580999933, 50.86771774400016 ], [ -119.607208252999968, 50.8675766 ], [ -119.607147216999863, 50.867496491000018 ], [ -119.607086181999875, 50.867446899000072 ], [ -119.607025146999874, 50.867374419999962 ], [ -119.606964110999982, 50.867267608000013 ], [ -119.606910705999894, 50.867225646000129 ], [ -119.606826781999985, 50.86712646400008 ], [ -119.606781004999846, 50.867065431000157 ], [ -119.606719969999858, 50.86699676500011 ], [ -119.606674194999982, 50.866924287000145 ], [ -119.60661316, 50.866844178000207 ], [ -119.606552123999904, 50.866775513000086 ], [ -119.606506346999936, 50.866714477000201 ], [ -119.606437683999957, 50.866569520000056 ], [ -119.606391906999988, 50.866508485000075 ], [ -119.606346129999906, 50.866455078000129 ], [ -119.606254577999906, 50.86636352600005 ], [ -119.60614013699994, 50.866287232000076 ], [ -119.60596466, 50.866222382000018 ], [ -119.605140685999899, 50.865489960000026 ], [ -119.604064940999976, 50.864501953000101 ], [ -119.604034423999963, 50.864475250000098 ], [ -119.603973388999975, 50.864410401000157 ], [ -119.603897094999965, 50.864349366000162 ], [ -119.603782653999986, 50.864299774000116 ], [ -119.603660583999954, 50.864257812000055 ], [ -119.603408813999977, 50.864227295000092 ], [ -119.60327911399996, 50.864192964000047 ], [ -119.603149414999891, 50.864170075000153 ], [ -119.60311126799995, 50.864154817000149 ], [ -119.603034971999875, 50.864120483000143 ], [ -119.60290527399998, 50.864059448000134 ], [ -119.602676392999953, 50.863967896000077 ], [ -119.602607726999963, 50.863937377000148 ], [ -119.602478027999936, 50.863868714000027 ], [ -119.602355957999976, 50.863800048000016 ], [ -119.602256774999944, 50.863723755000166 ], [ -119.602149962999988, 50.86364364600005 ], [ -119.601928709999981, 50.863422393000143 ], [ -119.601821899999948, 50.863330841 ], [ -119.60173034599984, 50.863212586000131 ], [ -119.601524353999949, 50.862998963000088 ], [ -119.601493835, 50.86296463100004 ], [ -119.601432799999827, 50.862884522000108 ], [ -119.601318358999961, 50.862781525000038 ], [ -119.601295470999887, 50.862743378000197 ], [ -119.601234434999924, 50.862674713000139 ], [ -119.601074217999894, 50.862445832000041 ], [ -119.601005553999983, 50.862335205000058 ], [ -119.600952148999923, 50.86222457900017 ], [ -119.600891113999907, 50.862098693000043 ], [ -119.600822448999963, 50.861984253000159 ], [ -119.600807189999855, 50.861930848000114 ], [ -119.600776672, 50.861846924000083 ], [ -119.600723265999989, 50.86172485300014 ], [ -119.600669860999901, 50.861595155000103 ], [ -119.600624083999946, 50.861492157000114 ], [ -119.600524901999833, 50.861240388000184 ], [ -119.600509643999828, 50.861183168000203 ], [ -119.600494385, 50.861118317000084 ], [ -119.60046386699986, 50.861045837000098 ], [ -119.600448607999908, 50.861000062000194 ], [ -119.600410461999957, 50.860912323000093 ], [ -119.60034942599998, 50.860813141000087 ], [ -119.600387572999921, 50.860740662000161 ], [ -119.600654602999896, 50.86020278900002 ], [ -119.607200622, 50.854442597000165 ], [ -119.607833861999907, 50.854091645000096 ], [ -119.604995726999917, 50.854152681000173 ], [ -119.605102538999958, 50.85402679500001 ], [ -119.605117797, 50.853973390000199 ], [ -119.604598997999972, 50.85396576000003 ], [ -119.603752135999969, 50.853950501000192 ], [ -119.603485107999958, 50.85394668600005 ], [ -119.603012085999922, 50.853939056000158 ], [ -119.600852966999966, 50.853904724000188 ], [ -119.600128173999963, 50.853893281 ], [ -119.598777769999955, 50.853874208000128 ], [ -119.598518370999912, 50.853870393000079 ], [ -119.598281859999986, 50.853866577000126 ], [ -119.593414305999943, 50.85378646900007 ], [ -119.590278624999925, 50.853740692000116 ], [ -119.585838318999933, 50.85567855799998 ], [ -119.583320617999902, 50.856777191000077 ], [ -119.582435606999979, 50.857162477000095 ], [ -119.575134276999918, 50.860351564000126 ], [ -119.575050353, 50.860988616000107 ], [ -119.574546814999962, 50.864952087000056 ], [ -119.574317931999857, 50.866737366000059 ], [ -119.574279784999987, 50.867050169999963 ], [ -119.567031859999986, 50.867191315000042 ], [ -119.562713622999937, 50.867198945000162 ], [ -119.55230712999996, 50.867214203000174 ], [ -119.55109405599994, 50.867218018000166 ], [ -119.540885924999941, 50.86723327600005 ], [ -119.531089782999913, 50.867244722000095 ], [ -119.525833129999867, 50.86725235 ], [ -119.525039671999977, 50.86725235 ], [ -119.518547057999953, 50.867263795000156 ], [ -119.517250059999981, 50.867263795000156 ], [ -119.516822814999955, 50.867263795000156 ], [ -119.516792297999913, 50.864936829000015 ], [ -119.516700743999976, 50.858520507999955 ], [ -119.516685485999972, 50.857376099000085 ], [ -119.516677855999944, 50.856971741 ], [ -119.516677855999944, 50.856891632000028 ], [ -119.516632080999912, 50.853755952000135 ], [ -119.516456604999874, 50.841503143000175 ], [ -119.516448974999946, 50.841201782000049 ], [ -119.516410827999877, 50.838920594000143 ], [ -119.516410827999877, 50.838638306000163 ], [ -119.516235351999839, 50.838630676000108 ], [ -119.516044615999988, 50.838638306000163 ], [ -119.515945433999931, 50.838630676000108 ], [ -119.51586913999985, 50.838634491000143 ], [ -119.515716552999891, 50.838630676000108 ], [ -119.515594481999941, 50.838626861000016 ], [ -119.515556335, 50.838623048000194 ], [ -119.515365601, 50.838626861000016 ], [ -119.515319823999945, 50.838623048000144 ], [ -119.515251158999945, 50.838619233000109 ], [ -119.515129089999945, 50.838623048000144 ], [ -119.514991760999976, 50.838619233000109 ], [ -119.514862059999984, 50.838619233000109 ], [ -119.514739989999967, 50.838630676000108 ], [ -119.514640807999967, 50.838642121000063 ], [ -119.514411926999969, 50.83864593400012 ], [ -119.51425170899995, 50.838661195000057 ], [ -119.514198304, 50.838665008000042 ], [ -119.514144897, 50.838672638000034 ], [ -119.514045714999952, 50.838672638000034 ], [ -119.51399231, 50.838676453000033 ], [ -119.513534545999974, 50.838691711000074 ], [ -119.51307678199997, 50.838703157000182 ], [ -119.512413024999944, 50.838695527000056 ], [ -119.511245727999835, 50.838684081000153 ], [ -119.50715637199994, 50.838649750000052 ], [ -119.500007628999981, 50.838584899000153 ], [ -119.497047422999856, 50.838558198000158 ], [ -119.488960267, 50.838485717000047 ], [ -119.483833313999924, 50.83843994200015 ], [ -119.4817275999999, 50.838420869000032 ], [ -119.472396850999885, 50.838336945000037 ], [ -119.464035033999906, 50.838260651000105 ], [ -119.463935851999949, 50.838260651000105 ], [ -119.462074278999921, 50.83824157800008 ], [ -119.462074278999921, 50.837699890000181 ], [ -119.462074278999921, 50.837112427000164 ], [ -119.46203613299997, 50.831176759000179 ], [ -119.46203613299997, 50.830001832000072 ], [ -119.462028503999989, 50.829154969000022 ], [ -119.462013243999934, 50.827426911000131 ], [ -119.461990355999816, 50.823379516000188 ], [ -119.461929321999932, 50.81118393000002 ], [ -119.461921691999905, 50.809707641 ], [ -119.461914061999892, 50.807876587 ], [ -119.461860656999932, 50.800182342000184 ], [ -119.463539123, 50.800212861000105 ], [ -119.465530395999906, 50.80024719200005 ], [ -119.466743467999891, 50.800273896000085 ], [ -119.472366333999915, 50.800376893000227 ], [ -119.472328184999981, 50.798618316 ], [ -119.472305298999899, 50.797294617000048 ], [ -119.472290038, 50.796699524000061 ], [ -119.472251890999914, 50.794769288000083 ], [ -119.472213744999976, 50.792915344000193 ], [ -119.472091673999842, 50.78696441700005 ], [ -119.472076416, 50.786067963000178 ], [ -119.472068786999898, 50.785465240000107 ], [ -119.470169067999905, 50.785476685000148 ], [ -119.469657897, 50.785480500000148 ], [ -119.467742919999978, 50.785488128000054 ], [ -119.466499328999888, 50.785491944000071 ], [ -119.464775085999904, 50.785499574000148 ], [ -119.461257933999889, 50.785518647000025 ], [ -119.461280822, 50.784538269000087 ], [ -119.461280822, 50.784416198000017 ], [ -119.461303710999985, 50.783409119000126 ], [ -119.461349487999954, 50.782432555000085 ], [ -119.461364745999958, 50.782306672000139 ], [ -119.461372375999943, 50.782188416000125 ], [ -119.461341857999898, 50.782058715000154 ], [ -119.461341857999898, 50.781814576 ], [ -119.461349487999954, 50.781528473000087 ], [ -119.461380003999977, 50.780307770000086 ], [ -119.461418150999918, 50.778774261000173 ], [ -119.461418150999918, 50.778709411000087 ], [ -119.461425780999946, 50.778415680000222 ], [ -119.461433411999863, 50.778236389000014 ], [ -119.461967468999873, 50.756023408000054 ], [ -119.462013243999934, 50.754013061 ], [ -119.462097167999943, 50.750587463000095 ], [ -119.469360350999978, 50.750629425000049 ], [ -119.489242554999976, 50.750743865000103 ], [ -119.490570068999929, 50.750751496000056 ], [ -119.499999998999897, 50.750804901000144 ], [ -119.50049591, 50.750804901000144 ], [ -119.502174377999964, 50.750812531000108 ], [ -119.513244628999928, 50.750873566000038 ], [ -119.51399231, 50.750877381000123 ], [ -119.517189026999986, 50.750896455000081 ], [ -119.517814635999983, 50.750900268000201 ], [ -119.518280028, 50.750900268000201 ], [ -119.518508910999913, 50.750900268000201 ], [ -119.519363403999932, 50.750907898000101 ], [ -119.524719237999989, 50.750934602000136 ], [ -119.524719237999989, 50.750427246000093 ], [ -119.524719237999989, 50.750026704000192 ], [ -119.524742125999978, 50.746189116999965 ], [ -119.524749755999835, 50.744586944 ], [ -119.524787902999947, 50.735919953000142 ], [ -119.524940489999878, 50.704616546000082 ], [ -119.524940489999878, 50.704494476000072 ], [ -119.524948119999976, 50.704216003000042 ], [ -119.524963378999985, 50.700321198000154 ], [ -119.524978636999947, 50.696208955000131 ], [ -119.524986266999875, 50.694644929000034 ], [ -119.524993896999945, 50.694465638000054 ], [ -119.524993896999945, 50.693843842000184 ], [ -119.525001525999983, 50.692054748000089 ], [ -119.525016783999888, 50.689052581999981 ], [ -119.525032043999843, 50.686298370000031 ], [ -119.525032043999843, 50.685752869999966 ], [ -119.525054930999943, 50.682098389000139 ], [ -119.525070190999941, 50.678840638000018 ], [ -119.525108337999924, 50.67118454000007 ], [ -119.525115965999944, 50.669746400000051 ], [ -119.525009155999953, 50.669670106000169 ], [ -119.524978636999947, 50.669616699000066 ], [ -119.525024413999972, 50.669555664000043 ], [ -119.525085448999945, 50.669498443000066 ], [ -119.525123595999972, 50.667617798000016 ], [ -119.525123595999972, 50.667156221000084 ], [ -119.525131225999942, 50.665973663000067 ], [ -119.525131225999942, 50.665573119000058 ], [ -119.525154112999985, 50.661949157000052 ], [ -119.525161742999913, 50.660179139000057 ], [ -119.525161742999913, 50.659934998000118 ], [ -119.525177000999918, 50.656574250000176 ], [ -119.525177000999918, 50.656208038000088 ], [ -119.525222777999886, 50.646717071000019 ], [ -119.525230408999903, 50.645393371000146 ], [ -119.525283813999962, 50.634628297000049 ], [ -119.525283813999962, 50.634521484000025 ], [ -119.52529144399989, 50.63416290300011 ], [ -119.52529144399989, 50.633262635000079 ], [ -119.52529144399989, 50.631767273000108 ], [ -119.525306701999895, 50.630336761000081 ], [ -119.525306701999895, 50.62973404000001 ], [ -119.525314329999887, 50.627494812000087 ], [ -119.52542114299996, 50.60660934400002 ], [ -119.525428772999987, 50.604751587000074 ], [ -119.525428772999987, 50.604358673000043 ], [ -119.52547454799992, 50.596126557000204 ], [ -119.525489805999925, 50.591857909999952 ], [ -119.525505066, 50.588451385000184 ], [ -119.525558471999958, 50.577804566000054 ], [ -119.525566101999971, 50.576648712000122 ], [ -119.539260863999914, 50.576587677000163 ], [ -119.541183470999968, 50.576576234000179 ], [ -119.550491332999897, 50.576534272000067 ], [ -119.556953429999908, 50.576503753000118 ], [ -119.559066772, 50.576492310000127 ], [ -119.562805176999973, 50.576477052000151 ], [ -119.576850889999946, 50.576404571000111 ], [ -119.583930969, 50.57637023900012 ], [ -119.59070587199983, 50.576335908000033 ], [ -119.593994140999953, 50.576320649000081 ], [ -119.596885680999904, 50.576301575999949 ], [ -119.597259520999955, 50.576297761000127 ], [ -119.605842590999814, 50.576248169000088 ], [ -119.6119613649999, 50.576213837000125 ], [ -119.612617492999945, 50.576206207000027 ], [ -119.61345672599991, 50.576202394000191 ], [ -119.615745544999939, 50.576187133000033 ], [ -119.617889402999936, 50.576171875000057 ], [ -119.620674133999955, 50.576156617000073 ], [ -119.623657225999978, 50.576137543 ], [ -119.623947143999885, 50.576137543 ], [ -119.625396727999942, 50.576126098000131 ], [ -119.628135680999875, 50.576110840000048 ], [ -119.628723144, 50.576107025000148 ], [ -119.628845213999966, 50.576107025000148 ], [ -119.640037535999909, 50.576034546000123 ], [ -119.643249511999954, 50.576015473 ], [ -119.649627685, 50.575973511000136 ], [ -119.650413511999929, 50.575969696000072 ], [ -119.651687621999955, 50.57596206700007 ], [ -119.651664732999976, 50.574089050000097 ], [ -119.651657104999984, 50.573257446000035 ], [ -119.651649474999928, 50.572681427000063 ], [ -119.651626586999939, 50.569061279000017 ], [ -119.651618957999915, 50.568470001999977 ], [ -119.651611327999888, 50.567886352000109 ], [ -119.651611327999888, 50.567623139000034 ], [ -119.65160369799996, 50.566574098000025 ], [ -119.65160369799996, 50.566074372000102 ], [ -119.651565550999919, 50.561241149999965 ], [ -119.651557922999928, 50.560882569000157 ], [ -119.651557922999928, 50.560714723000103 ], [ -119.651550292999914, 50.560417176000037 ], [ -119.651527404999968, 50.557350158000098 ], [ -119.651519775999986, 50.555843353000064 ], [ -119.651405333999833, 50.54132461500015 ], [ -119.651374816999976, 50.537704468000221 ], [ -119.651351928999929, 50.534820557000032 ], [ -119.651298523999984, 50.528430938000092 ], [ -119.651290892999967, 50.527286529 ], [ -119.6512603769999, 50.523517610000127 ], [ -119.651161194999986, 50.511230469000068 ], [ -119.65113830599995, 50.508178711000163 ], [ -119.651130675999923, 50.507534026000066 ], [ -119.651092528999982, 50.502597810000168 ], [ -119.651077270999977, 50.500926972000094 ], [ -119.651077270999977, 50.500610352000173 ], [ -119.65106964099995, 50.500076294000046 ], [ -119.651062011999969, 50.499198913000058 ], [ -119.651062011999969, 50.498680114000159 ], [ -119.650955199999885, 50.485469817000038 ], [ -119.652725219999979, 50.485061646000119 ], [ -119.65367889499997, 50.484657287000161 ], [ -119.654312134999827, 50.484386444000023 ], [ -119.657661436999945, 50.483715058000087 ], [ -119.658660888999918, 50.483394623000137 ], [ -119.658714293999978, 50.483375549000122 ], [ -119.660461425999856, 50.483146668000089 ], [ -119.667190550999919, 50.481708526000155 ], [ -119.666870117999949, 50.480987550000144 ], [ -119.666809082999976, 50.480861664000102 ], [ -119.66650390599996, 50.480186462000198 ], [ -119.666458128999963, 50.480075837000214 ], [ -119.666305541999989, 50.479743959000118 ], [ -119.666229247999965, 50.479583741000134 ], [ -119.666206359999933, 50.47954940700015 ], [ -119.665809630999888, 50.479007722000127 ], [ -119.664924621999958, 50.477798462999978 ], [ -119.664215088999924, 50.477252960000101 ], [ -119.662841796999828, 50.47618103 ], [ -119.662658690999947, 50.47610855099996 ], [ -119.65940094099993, 50.474777221000174 ], [ -119.65735626199988, 50.474090576000073 ], [ -119.656234739999846, 50.473716736000064 ], [ -119.655319213999903, 50.47340774499996 ], [ -119.655158996999873, 50.473354340000085 ], [ -119.654075622, 50.473011016000136 ], [ -119.652458191, 50.472496032000187 ], [ -119.651115417999918, 50.472064972000197 ], [ -119.651107786999901, 50.471523286000142 ], [ -119.651062011999969, 50.465347289000107 ], [ -119.650932311999952, 50.447364807000064 ], [ -119.650917052999944, 50.445667267000154 ], [ -119.650917052999944, 50.444969177000139 ], [ -119.650901794999982, 50.442642213000177 ], [ -119.650901794999982, 50.442333221000204 ], [ -119.650886534999984, 50.440956116000166 ], [ -119.650878905999875, 50.439907075000164 ], [ -119.650871275999975, 50.439491273000044 ], [ -119.651046751999885, 50.429458618000155 ], [ -119.651054381999913, 50.42856979400009 ], [ -119.651176452999891, 50.42128753700019 ], [ -119.65144348099993, 50.405342102000098 ], [ -119.651451110999986, 50.404758453000156 ], [ -119.651451110999986, 50.404460906000196 ], [ -119.651496887999954, 50.40227890100001 ], [ -119.651496914999939, 50.402199001000163 ], [ -119.647959942999947, 50.402226362000171 ], [ -119.644645999999867, 50.402252 ], [ -119.647911, 50.399487000000164 ], [ -119.651473999999894, 50.396469 ], [ -119.652344, 50.395729000000145 ], [ -119.653046, 50.394733000000102 ], [ -119.653214, 50.393894 ], [ -119.652931, 50.392986000000199 ], [ -119.652175999999841, 50.392216 ], [ -119.650406, 50.391296000000203 ], [ -119.646972999999818, 50.389893 ], [ -119.646866, 50.389851000000128 ], [ -119.64547, 50.389275 ], [ -119.645386, 50.389229 ], [ -119.643929, 50.388405 ], [ -119.642815, 50.387413 ], [ -119.642502, 50.38699 ], [ -119.641869, 50.386124000000194 ], [ -119.641335, 50.384930000000125 ], [ -119.640937999999878, 50.384041000000146 ], [ -119.640305, 50.382908000000164 ], [ -119.639427, 50.381886000000165 ], [ -119.637978, 50.380783000000157 ], [ -119.637764, 50.380608000000123 ], [ -119.636421, 50.379475000000134 ], [ -119.634933, 50.378216 ], [ -119.634108999999853, 50.377342 ], [ -119.633926, 50.377018 ], [ -119.63372, 50.376625 ], [ -119.63356799999984, 50.376347000000194 ], [ -119.633735999999871, 50.375851000000118 ], [ -119.633835, 50.375561000000111 ], [ -119.634322999999881, 50.374794 ], [ -119.634682, 50.374233 ], [ -119.634995, 50.374031 ], [ -119.635872, 50.373463 ], [ -119.637337, 50.373066 ], [ -119.637436, 50.373039000000198 ], [ -119.640633, 50.372540000000129 ], [ -119.643456, 50.37191 ], [ -119.644478, 50.371681 ], [ -119.646591, 50.3710710000001 ], [ -119.647049, 50.370831000000102 ], [ -119.648033, 50.370308000000151 ], [ -119.648537, 50.369495 ], [ -119.64872, 50.368324000000122 ], [ -119.648666, 50.368187 ], [ -119.648475999999846, 50.367725000000156 ], [ -119.648055999999883, 50.366699000000168 ], [ -119.647423, 50.365997000000156 ], [ -119.646766999999855, 50.36527300000013 ], [ -119.646698, 50.365200000000108 ], [ -119.646652, 50.365047 ], [ -119.6464, 50.364258000000177 ], [ -119.646560999999849, 50.363503 ], [ -119.646751, 50.363365 ], [ -119.647369, 50.362926 ], [ -119.647453, 50.362862000000135 ], [ -119.648621, 50.362545000000182 ], [ -119.649124, 50.362408 ], [ -119.651237, 50.36219000000014 ], [ -119.653694, 50.362011 ], [ -119.654884, 50.361809 ], [ -119.655678, 50.361668000000122 ], [ -119.656181, 50.361538000000145 ], [ -119.657791, 50.361118 ], [ -119.657959, 50.361073 ], [ -119.660423, 50.360096 ], [ -119.660522, 50.360058000000109 ], [ -119.661705, 50.359028000000151 ], [ -119.66226199999987, 50.358543000000168 ], [ -119.663924999999836, 50.356392 ], [ -119.664391, 50.354855 ], [ -119.664627, 50.354069 ], [ -119.664756999999838, 50.353573 ], [ -119.667221, 50.352943000000131 ], [ -119.667664, 50.352829000000121 ], [ -119.671776, 50.351784000000116 ], [ -119.68502, 50.348812 ], [ -119.681694, 50.34507 ], [ -119.67601, 50.341232000000197 ], [ -119.672028, 50.338551000000173 ], [ -119.671196, 50.337753 ], [ -119.666618, 50.333393 ], [ -119.666893, 50.333336000000159 ], [ -119.667038, 50.333302000000181 ], [ -119.667397, 50.333267000000113 ], [ -119.669868, 50.333027000000222 ], [ -119.671371, 50.332642000000163 ], [ -119.671745, 50.332531000000223 ], [ -119.673560999999893, 50.3319890000001 ], [ -119.675429999999878, 50.331486 ], [ -119.675667, 50.331425000000138 ], [ -119.67601, 50.331390000000134 ], [ -119.678879, 50.3311 ], [ -119.680008, 50.330929000000154 ], [ -119.682693, 50.330524 ], [ -119.684005999999897, 50.330276000000126 ], [ -119.685059, 50.330074000000117 ], [ -119.685097, 50.330067 ], [ -119.687698, 50.329063000000133 ], [ -119.689865, 50.327946 ], [ -119.691756999999882, 50.326965000000136 ], [ -119.692329, 50.326672000000151 ], [ -119.693611, 50.326233 ], [ -119.694763, 50.325844 ], [ -119.696945, 50.325245 ], [ -119.697372, 50.325127 ], [ -119.70063, 50.32431000000016 ], [ -119.70079, 50.324272000000192 ], [ -119.70399499999985, 50.323444 ], [ -119.707405, 50.322624 ], [ -119.708, 50.322479000000165 ], [ -119.709456999999873, 50.321991 ], [ -119.712791, 50.320877 ], [ -119.714782999999883, 50.32011 ], [ -119.717308, 50.319138000000102 ], [ -119.718490999999872, 50.318634000000166 ], [ -119.720177, 50.317909 ], [ -119.720718, 50.317513000000112 ], [ -119.720718, 50.317078 ], [ -119.720222, 50.316689000000189 ], [ -119.720016, 50.316643000000127 ], [ -119.719093, 50.316425 ], [ -119.714279, 50.315926000000125 ], [ -119.710822999999877, 50.315418000000207 ], [ -119.708885, 50.314846000000138 ], [ -119.708015, 50.31458700000011 ], [ -119.707062, 50.314117000000195 ], [ -119.705978, 50.313587 ], [ -119.705925, 50.313541000000107 ], [ -119.70500899999989, 50.312790000000156 ], [ -119.70478799999988, 50.312607000000128 ], [ -119.704132, 50.311768000000157 ], [ -119.703979, 50.311577000000177 ], [ -119.703873, 50.311459000000205 ], [ -119.703026, 50.310555000000122 ], [ -119.701653, 50.309959 ], [ -119.700737, 50.309765 ], [ -119.700255999999897, 50.309658000000198 ], [ -119.699905, 50.309589000000109 ], [ -119.698913999999888, 50.309391 ], [ -119.698341, 50.309261 ], [ -119.698043999999854, 50.308964000000131 ], [ -119.697975, 50.308903 ], [ -119.697762, 50.308395000000132 ], [ -119.697365, 50.307846 ], [ -119.697311, 50.307800000000121 ], [ -119.696999, 50.307487000000144 ], [ -119.696243, 50.307243 ], [ -119.695763, 50.307266000000141 ], [ -119.695328, 50.307281000000174 ], [ -119.693259999999896, 50.307671000000106 ], [ -119.690689, 50.308033000000201 ], [ -119.690085999999894, 50.308117 ], [ -119.688454, 50.308197 ], [ -119.687805, 50.308231 ], [ -119.686821, 50.308132 ], [ -119.685577, 50.30801 ], [ -119.685104, 50.307968000000102 ], [ -119.683777, 50.307449000000183 ], [ -119.683357, 50.307285000000178 ], [ -119.68283799999989, 50.306896 ], [ -119.682304, 50.306496 ], [ -119.681641, 50.305519 ], [ -119.681564, 50.305408 ], [ -119.681442, 50.304375 ], [ -119.68174, 50.303871 ], [ -119.682198, 50.303112000000205 ], [ -119.683098, 50.301929 ], [ -119.684105, 50.300613000000176 ], [ -119.684654, 50.299911000000179 ], [ -119.685905, 50.298317 ], [ -119.687149, 50.296436 ], [ -119.687912, 50.294399000000126 ], [ -119.688705, 50.292557 ], [ -119.689186, 50.291874 ], [ -119.68971299999987, 50.291115000000154 ], [ -119.691406, 50.290417000000183 ], [ -119.692635, 50.289913000000183 ], [ -119.693764, 50.289173 ], [ -119.69455, 50.288662 ], [ -119.695679, 50.287918000000175 ], [ -119.695792999999867, 50.287846 ], [ -119.696281, 50.287525000000102 ], [ -119.696547999999893, 50.286999000000129 ], [ -119.696883999999898, 50.286350000000127 ], [ -119.697388, 50.285362 ], [ -119.69593, 50.282677 ], [ -119.695679, 50.282486 ], [ -119.695526, 50.282375000000179 ], [ -119.695206, 50.281750000000159 ], [ -119.695174999999892, 50.281693 ], [ -119.694992, 50.281467000000127 ], [ -119.694168, 50.280453000000172 ], [ -119.692802, 50.279030000000127 ], [ -119.692444, 50.27866 ], [ -119.689971999999898, 50.276485000000108 ], [ -119.689125, 50.275677 ], [ -119.686989, 50.27362800000013 ], [ -119.684822, 50.271164000000205 ], [ -119.684189, 50.270264000000161 ], [ -119.684082, 50.270119 ], [ -119.683662, 50.26952 ], [ -119.682677999999882, 50.26757 ], [ -119.682266, 50.266754000000141 ], [ -119.681999, 50.26601 ], [ -119.68150299999985, 50.264641000000104 ], [ -119.681412, 50.263294 ], [ -119.681694, 50.263020000000147 ], [ -119.682052999999883, 50.262669000000209 ], [ -119.682915, 50.262344000000148 ], [ -119.683746, 50.262054000000141 ], [ -119.684334, 50.261848000000192 ], [ -119.685203999999828, 50.261253000000117 ], [ -119.685905, 50.260708000000179 ], [ -119.68596599999988, 50.260658000000113 ], [ -119.686874, 50.259747 ], [ -119.687317, 50.259529 ], [ -119.687569, 50.259407000000138 ], [ -119.688499, 50.259258 ], [ -119.688995, 50.259289000000116 ], [ -119.689429999999888, 50.25931500000015 ], [ -119.690581999999893, 50.259445 ], [ -119.691925, 50.259468 ], [ -119.692368, 50.259476000000163 ], [ -119.693077, 50.259335 ], [ -119.69397, 50.259163 ], [ -119.695053, 50.258873000000122 ], [ -119.695984, 50.25862500000013 ], [ -119.696022, 50.258614 ], [ -119.69735, 50.258213000000104 ], [ -119.697952, 50.258121000000102 ], [ -119.698479, 50.258045 ], [ -119.698692, 50.258072 ], [ -119.699661, 50.2581980000001 ], [ -119.700034999999843, 50.258247000000111 ], [ -119.701187, 50.258537000000125 ], [ -119.702568, 50.258926000000187 ], [ -119.703498999999894, 50.258984000000162 ], [ -119.705703999999869, 50.25906 ], [ -119.708008, 50.25964 ], [ -119.711006, 50.260315 ], [ -119.712776, 50.260532000000161 ], [ -119.713531, 50.260628000000111 ], [ -119.715789999999899, 50.260735 ], [ -119.716614, 50.260777000000125 ], [ -119.719627, 50.260540000000113 ], [ -119.720322, 50.260475 ], [ -119.722221, 50.260300000000171 ], [ -119.725174, 50.260181 ], [ -119.728439, 50.260574 ], [ -119.732773, 50.261284 ], [ -119.733627, 50.261395000000128 ], [ -119.738701, 50.262039000000108 ], [ -119.738876, 50.262062 ], [ -119.742325, 50.262131000000139 ], [ -119.744727999999895, 50.261913000000163 ], [ -119.748215, 50.261467 ], [ -119.748672, 50.261372000000151 ], [ -119.749687, 50.261150000000107 ], [ -119.749794, 50.261127000000151 ], [ -119.750899999999874, 50.260670000000196 ], [ -119.751517999999848, 50.260410000000185 ], [ -119.752396, 50.259743 ], [ -119.753151, 50.258278000000161 ], [ -119.753326, 50.257221 ], [ -119.753532, 50.25602 ], [ -119.753532, 50.253738 ], [ -119.753464, 50.253338000000142 ], [ -119.753242, 50.252052000000155 ], [ -119.753479, 50.250874 ], [ -119.753815, 50.250004000000139 ], [ -119.753853, 50.249889 ], [ -119.75425, 50.249390000000204 ], [ -119.754478, 50.249100000000176 ], [ -119.754707, 50.248562 ], [ -119.755019999999888, 50.247833 ], [ -119.756309999999871, 50.245098000000134 ], [ -119.756362999999894, 50.245026 ], [ -119.758339, 50.242443 ], [ -119.761482, 50.240025000000145 ], [ -119.763724999999894, 50.238312000000185 ], [ -119.763755999999816, 50.238068 ], [ -119.763892999999882, 50.236820000000201 ], [ -119.763405, 50.234657000000141 ], [ -119.762817047999945, 50.232971140000053 ], [ -119.762796, 50.232732000000148 ], [ -119.762786576999972, 50.232622070000126 ], [ -119.762771607, 50.232452393000202 ], [ -119.762733538999953, 50.23202820700007 ], [ -119.762717999999893, 50.231857 ], [ -119.7627, 50.23166 ], [ -119.762650009999973, 50.231094113999973 ], [ -119.765366, 50.228321 ], [ -119.765419, 50.228245000000165 ], [ -119.765670999999841, 50.227901000000195 ], [ -119.766830664999929, 50.226314916000163 ], [ -119.766934914999879, 50.225830823000095 ], [ -119.766944884999987, 50.225784301 ], [ -119.766975524999836, 50.225638298000099 ], [ -119.767161, 50.224753000000106 ], [ -119.767577998999982, 50.222767001000129 ], [ -119.767662578999932, 50.22236403500002 ], [ -119.767959594999979, 50.220947267000085 ], [ -119.768203734999929, 50.219749451000027 ], [ -119.768385651999893, 50.218890801000036 ], [ -119.768585, 50.217949 ], [ -119.768852, 50.216667 ], [ -119.76777, 50.211561000000145 ], [ -119.767080934999967, 50.208308028000118 ], [ -119.766311645999963, 50.204677582000123 ], [ -119.766261285, 50.204441328000158 ], [ -119.766192, 50.20411800000015 ], [ -119.766052162, 50.203461027000053 ], [ -119.768937, 50.203947 ], [ -119.770730306999823, 50.204249000000175 ], [ -119.770759999999882, 50.204254 ], [ -119.775253, 50.2050130000001 ], [ -119.777363441999967, 50.205369614000134 ], [ -119.780448913, 50.205890656000108 ], [ -119.780563756999967, 50.205887341999968 ], [ -119.7807, 50.205883 ], [ -119.780845999999883, 50.205879 ], [ -119.78085774699997, 50.205878741000106 ], [ -119.786836828999981, 50.205746506000082 ], [ -119.792556763, 50.205619811000084 ], [ -119.7927080689999, 50.205615898000062 ], [ -119.793002112999886, 50.205607930000149 ], [ -119.793397901, 50.205598878000096 ], [ -119.793479919, 50.205596925000073 ], [ -119.793610625999989, 50.205526954000021 ], [ -119.793894, 50.205375 ], [ -119.794885135999834, 50.204844388000033 ], [ -119.795673, 50.20442 ], [ -119.795786225999976, 50.204360857000111 ], [ -119.796752, 50.204299 ], [ -119.804962, 50.203777000000173 ], [ -119.805802, 50.20136 ], [ -119.806401231999928, 50.199637207 ], [ -119.806945799999937, 50.198070527000105 ], [ -119.807171007999941, 50.197419694000125 ], [ -119.807297, 50.197055 ], [ -119.807777, 50.195667 ], [ -119.809277114999915, 50.195068507000045 ], [ -119.814537, 50.19297 ], [ -119.814549012999976, 50.192958605000101 ], [ -119.816830593999896, 50.190794015000058 ], [ -119.819237, 50.188511000000105 ], [ -119.819362999999896, 50.188394000000159 ], [ -119.819389046999945, 50.188369989000215 ], [ -119.825143015999984, 50.187026762000229 ], [ -119.825641, 50.186910000000147 ], [ -119.829048, 50.186115 ], [ -119.832542, 50.18391 ], [ -119.831923556999925, 50.182339498000147 ], [ -119.83168, 50.181721001000021 ], [ -119.831648541999982, 50.181639580000144 ], [ -119.831611632999952, 50.181545258000099 ], [ -119.829780579999962, 50.180812836000072 ], [ -119.829529383999883, 50.180712446000101 ], [ -119.827613999999883, 50.179947001000137 ], [ -119.824230307999912, 50.180061506999984 ], [ -119.820847, 50.180176000000202 ], [ -119.820162, 50.18025500000018 ], [ -119.819894485999839, 50.180285774 ], [ -119.818832397, 50.180408477000135 ], [ -119.817719250999971, 50.180537978000132 ], [ -119.817290999999898, 50.180588000000199 ], [ -119.816916998999929, 50.178177000000169 ], [ -119.816891, 50.178025 ], [ -119.816880828999956, 50.177963438000063 ], [ -119.816871653999854, 50.177909920999944 ], [ -119.816136499999857, 50.177740269 ], [ -119.815468, 50.177586000000154 ], [ -119.813305630999977, 50.177084450000201 ], [ -119.812852043999953, 50.176979241000069 ], [ -119.811724, 50.175661000000133 ], [ -119.811058936999927, 50.174882097999983 ], [ -119.81105451399992, 50.174838485000066 ], [ -119.811012, 50.174320000000115 ], [ -119.810995999999875, 50.174076000000113 ], [ -119.810991076, 50.173999679000126 ], [ -119.810981750999943, 50.173858643000209 ], [ -119.810943604, 50.173339844000161 ], [ -119.810920441999926, 50.173059225000067 ], [ -119.810895, 50.172756000000163 ], [ -119.810844009999983, 50.172138124000178 ], [ -119.810568, 50.171635 ], [ -119.810203999999899, 50.170971 ], [ -119.808525, 50.167953000000118 ], [ -119.808475, 50.167861000000137 ], [ -119.808418, 50.167755 ], [ -119.80839183999997, 50.167716945000066 ], [ -119.804509838999934, 50.162070130000082 ], [ -119.804473968999901, 50.162017958000085 ], [ -119.80443569, 50.161965412000129 ], [ -119.804085418999989, 50.161484574000127 ], [ -119.803910176999977, 50.161243949000017 ], [ -119.803490015999827, 50.160667022000126 ], [ -119.804336210999949, 50.159760906000152 ], [ -119.804351791999977, 50.159744222000029 ], [ -119.804336069999906, 50.159698803000062 ], [ -119.804309, 50.159622 ], [ -119.804282999999884, 50.159546000000141 ], [ -119.804123500999921, 50.159093120000101 ], [ -119.803841, 50.15829100100013 ], [ -119.803879, 50.158215000000169 ], [ -119.803695999999832, 50.15783300000016 ], [ -119.803574036999962, 50.157518596000095 ], [ -119.803452, 50.157204000000128 ], [ -119.803429, 50.157146000000147 ], [ -119.803406938999899, 50.157083116000116 ], [ -119.803322, 50.156841000000142 ], [ -119.802801467999984, 50.155361132999957 ], [ -119.802665999999888, 50.154976001000094 ], [ -119.802660567999951, 50.154943743000111 ], [ -119.802649998999982, 50.154880999000035 ], [ -119.802284, 50.15256100100013 ], [ -119.802271866999945, 50.152468384000052 ], [ -119.802253722999978, 50.152332307000059 ], [ -119.801741984, 50.151959066000217 ], [ -119.801424973999929, 50.151728165000151 ], [ -119.801258, 50.151613000000125 ], [ -119.801018928999952, 50.151447643000019 ], [ -119.799625920999986, 50.150481350000106 ], [ -119.798599, 50.149769000000184 ], [ -119.796888, 50.149743000000122 ], [ -119.792366198999943, 50.149673003000075 ], [ -119.791669, 50.149588 ], [ -119.791466, 50.149563000000178 ], [ -119.786156, 50.148907 ], [ -119.785795384999858, 50.148841720000178 ], [ -119.785355, 50.148762000999987 ], [ -119.782504837999909, 50.148246971000042 ], [ -119.779655, 50.147731999000086 ], [ -119.779705735999926, 50.147100775000069 ], [ -119.779731749999897, 50.146774291000149 ], [ -119.779853819999857, 50.145198822 ], [ -119.780242920999953, 50.140464783000105 ], [ -119.780218586, 50.140342868000033 ], [ -119.779861920999906, 50.138558603000071 ], [ -119.779573525999922, 50.137119535000053 ], [ -119.779464725999901, 50.13657762600009 ], [ -119.77900565199991, 50.135949926000187 ], [ -119.777004788999932, 50.133214117 ], [ -119.776993000999937, 50.133198 ], [ -119.777560858999962, 50.132974004000189 ], [ -119.777931, 50.132828000000167 ], [ -119.779869, 50.132065 ], [ -119.780177380999987, 50.131943819000142 ], [ -119.780578683, 50.131786124000079 ], [ -119.781646728999874, 50.128330232000145 ], [ -119.781179917999978, 50.127204022000065 ], [ -119.780953, 50.126657 ], [ -119.77995061699994, 50.124239548000141 ], [ -119.779944998999952, 50.124226 ], [ -119.77802914199998, 50.121372225000101 ], [ -119.777503967999834, 50.120590209000106 ], [ -119.777091980999955, 50.11997223000013 ], [ -119.776604251999913, 50.120019026999969 ], [ -119.77592, 50.12008500000011 ], [ -119.773514, 50.120316000000187 ], [ -119.772400780999945, 50.120423584000029 ], [ -119.77229300099998, 50.120434000000166 ], [ -119.772091, 50.120575000000109 ], [ -119.771820978999926, 50.120762599999949 ], [ -119.771652220999897, 50.120880128000088 ], [ -119.770517452, 50.121677168000197 ], [ -119.769411276999975, 50.122454399000084 ], [ -119.76821, 50.122685 ], [ -119.768062702999828, 50.122713103000194 ], [ -119.767753600999924, 50.122772217000076 ], [ -119.766908563999891, 50.122935274 ], [ -119.766386999999895, 50.123036000000134 ], [ -119.765045, 50.123295 ], [ -119.764908, 50.123318 ], [ -119.759361, 50.1216930000001 ], [ -119.754242, 50.121609 ], [ -119.752598, 50.122244000000173 ], [ -119.751609932999941, 50.122625273000068 ], [ -119.750587464, 50.123020173000015 ], [ -119.748814584999977, 50.124636437000198 ], [ -119.748440243999937, 50.124977832000056 ], [ -119.748428, 50.12498900000012 ], [ -119.747361518999909, 50.123942071999949 ], [ -119.74662800099992, 50.123222000999966 ], [ -119.744813481999984, 50.121510625000155 ], [ -119.743004, 50.119804000000116 ], [ -119.742522999999878, 50.119350000000125 ], [ -119.742371, 50.119041 ], [ -119.741631021, 50.117546042000143 ], [ -119.740891, 50.116051 ], [ -119.740996, 50.11338 ], [ -119.741096, 50.110821 ], [ -119.741106999999886, 50.110522000000181 ], [ -119.741112, 50.110378 ], [ -119.741691999999873, 50.105801 ], [ -119.741719, 50.105597 ], [ -119.741724243999897, 50.105571316000201 ], [ -119.742649999999898, 50.103639 ], [ -119.74273680999994, 50.103458393999951 ], [ -119.74256067399989, 50.103119846000013 ], [ -119.74236, 50.102735000000159 ], [ -119.742148999999884, 50.102329000000168 ], [ -119.741765619999967, 50.101587950000088 ], [ -119.741478359, 50.1010326930001 ], [ -119.743126000999936, 50.098724000000125 ], [ -119.746016998999892, 50.096699 ], [ -119.745772999999886, 50.096363000000217 ], [ -119.745703555999981, 50.09626714800001 ], [ -119.745559692999976, 50.096069335000145 ], [ -119.744698074999903, 50.094889436000152 ], [ -119.744537095999931, 50.094669134000164 ], [ -119.741379000999927, 50.093151001000066 ], [ -119.741877, 50.092834 ], [ -119.743905015999928, 50.091544355000131 ], [ -119.744726999999898, 50.091023000000156 ], [ -119.746818933999975, 50.089700591000039 ], [ -119.748868724999966, 50.089078005000033 ], [ -119.749827789, 50.088786710000157 ], [ -119.74984, 50.088783 ], [ -119.749969314999987, 50.088748904000084 ], [ -119.750038436999944, 50.088727715000218 ], [ -119.750168, 50.088688 ], [ -119.754265, 50.088814 ], [ -119.754443, 50.088819 ], [ -119.754631, 50.088825000000149 ], [ -119.75864399999989, 50.086952 ], [ -119.760654, 50.086287000000176 ], [ -119.762084829999949, 50.085813942000087 ], [ -119.764213561999966, 50.08510971100015 ], [ -119.765106562999904, 50.083062902000151 ], [ -119.765845999999897, 50.081367000000178 ], [ -119.766609, 50.079605 ], [ -119.765697138999954, 50.078525467000169 ], [ -119.76445075699985, 50.077049897000144 ], [ -119.763984551999897, 50.076499231000014 ], [ -119.761414, 50.073463 ], [ -119.761264999999867, 50.0732870000001 ], [ -119.7612150839999, 50.073227101000064 ], [ -119.761164, 50.073163000000143 ], [ -119.761063300999965, 50.073036378000168 ], [ -119.761364922999974, 50.071480796000039 ], [ -119.761414, 50.071228 ], [ -119.76144, 50.071087000000148 ], [ -119.761444, 50.071068000000182 ], [ -119.761581020999984, 50.070331896000056 ], [ -119.761588559999879, 50.070292305000194 ], [ -119.761597, 50.070248000000184 ], [ -119.761693, 50.069794000000122 ], [ -119.761711068999816, 50.069709903000174 ], [ -119.765983582999922, 50.066436767000042 ], [ -119.766295803999981, 50.064753979000137 ], [ -119.766502, 50.063641 ], [ -119.766468685999925, 50.063618416000139 ], [ -119.763273412999851, 50.06145234500007 ], [ -119.76246643099995, 50.060905457000175 ], [ -119.761146545999907, 50.060585022 ], [ -119.760865827999979, 50.060517050000136 ], [ -119.760667, 50.060469000000218 ], [ -119.75872, 50.059998000000135 ], [ -119.758209, 50.059872000000155 ], [ -119.758119, 50.059757 ], [ -119.758088238999903, 50.059717076000162 ], [ -119.758071899999891, 50.059696198000012 ], [ -119.757983722999896, 50.059589459000136 ], [ -119.757926998999878, 50.05952099899995 ], [ -119.757834727999978, 50.059406353000121 ], [ -119.757362, 50.058819 ], [ -119.757432918999882, 50.058732039000056 ], [ -119.75744599899997, 50.05871600100015 ], [ -119.759141554999943, 50.056705012000073 ], [ -119.75953674299997, 50.056236266000113 ], [ -119.759971618999955, 50.055725097000177 ], [ -119.760688530999971, 50.052879851999982 ], [ -119.760825998999977, 50.052334000000116 ], [ -119.761328226999922, 50.049719435000078 ], [ -119.761735499999986, 50.047605725000025 ], [ -119.763228, 50.046337000000122 ], [ -119.76474, 50.04505200000014 ], [ -119.765270034999944, 50.04481187100005 ], [ -119.765708998999969, 50.044613 ], [ -119.768021, 50.043564000000174 ], [ -119.768567800999961, 50.043317829000159 ], [ -119.769005000999982, 50.04312099899996 ], [ -119.769405356, 50.043047556000097 ], [ -119.769731259999944, 50.042987768999964 ], [ -119.771394966999935, 50.042682764000098 ], [ -119.773041, 50.042381000000148 ], [ -119.77327048399998, 50.042363424000172 ], [ -119.776031, 50.042152 ], [ -119.776061657999946, 50.042149686000144 ], [ -119.778005, 50.042003000000115 ], [ -119.778838701, 50.041940152999977 ], [ -119.778853999, 50.041938999000088 ], [ -119.784302, 50.040627000000114 ], [ -119.786923, 50.040293000000126 ], [ -119.788636963999977, 50.040074787 ], [ -119.788651, 50.040072999000046 ], [ -119.78992499899995, 50.039913 ], [ -119.796608, 50.038551000000119 ], [ -119.796899842999892, 50.038412027000092 ], [ -119.796944, 50.038391 ], [ -119.798056, 50.037861 ], [ -119.803261, 50.035381000000108 ], [ -119.803538999999873, 50.03506200000016 ], [ -119.805008, 50.033379000000146 ], [ -119.805403, 50.032926000000174 ], [ -119.80619, 50.032024000000135 ], [ -119.809832, 50.030922 ], [ -119.810093985999899, 50.030842866000107 ], [ -119.810173033999902, 50.030818940000117 ], [ -119.811477661999959, 50.029102325000075 ], [ -119.810508729, 50.027420044000017 ], [ -119.809580716999889, 50.027017810000181 ], [ -119.809565, 50.027011000000122 ], [ -119.808044, 50.026352000000138 ], [ -119.807673974999886, 50.026192067000103 ], [ -119.807143998999933, 50.025963001000022 ], [ -119.805731515999923, 50.025435214000161 ], [ -119.803980777999925, 50.024781037000096 ], [ -119.803735, 50.023243000000107 ], [ -119.803688, 50.022949000000196 ], [ -119.803658064999965, 50.022764915000096 ], [ -119.803474, 50.021633000000136 ], [ -119.801208032999952, 50.018524045000063 ], [ -119.80119743799996, 50.01852122100015 ], [ -119.801094, 50.018494 ], [ -119.800984, 50.018466000000117 ], [ -119.800865058999989, 50.018436015000155 ], [ -119.800832, 50.018189000000142 ], [ -119.800826998999923, 50.018149992000026 ], [ -119.800819528999966, 50.01809189700014 ], [ -119.800697267999965, 50.017141077000225 ], [ -119.800674, 50.017094000000128 ], [ -119.802860766999913, 50.015105586000097 ], [ -119.812789915999986, 50.006076813000071 ], [ -119.812815909999983, 50.006052986000178 ], [ -119.812831, 50.006039 ], [ -119.812881, 50.005993000000167 ], [ -119.812954564, 50.005925861000023 ], [ -119.813797433999923, 50.005156615000168 ], [ -119.813990952, 50.004984597000117 ], [ -119.814147949999892, 50.004844666000139 ], [ -119.814422607999987, 50.004585266000049 ], [ -119.816459655999964, 50.002738952000186 ], [ -119.817795898999918, 50.001378080000045 ], [ -119.818101648999914, 50.001066602000023 ], [ -119.81811499999985, 50.001053 ], [ -119.818428, 50.000732 ], [ -119.819574, 50.000223 ], [ -119.819844535999948, 50.000103267000163 ], [ -119.819930690999968, 50.000065000000106 ], [ -119.819771, 50.000065000000106 ], [ -119.81955, 50.000065000000106 ], [ -119.82009, 49.999924000000199 ], [ -119.820122, 49.999916 ], [ -119.820136, 49.999912 ], [ -119.82031243199998, 49.999865901000071 ], [ -119.820556639999907, 49.99980163700009 ], [ -119.822184385999947, 49.999244469000239 ], [ -119.822285, 49.99921 ], [ -119.822687015999989, 49.999072309000134 ], [ -119.823222352999935, 49.998888788000194 ], [ -119.824653624999883, 49.998397828000186 ], [ -119.827590941999901, 49.997509002000207 ], [ -119.827937934999909, 49.995572295000066 ], [ -119.828039720999968, 49.99500414 ], [ -119.828247032999897, 49.993846954000027 ], [ -119.829673998999965, 49.991871000000131 ], [ -119.829931512999963, 49.991512127000085 ], [ -119.830237999999895, 49.991085000000155 ], [ -119.830433, 49.990818 ], [ -119.830536, 49.990677000000176 ], [ -119.832709437999938, 49.990678999000089 ], [ -119.834885, 49.990681000000137 ], [ -119.835567050999941, 49.99059388 ], [ -119.836349, 49.990493999000222 ], [ -119.836476816999877, 49.99047695700007 ], [ -119.836753752, 49.990440032000123 ], [ -119.836471803999913, 49.989408565000119 ], [ -119.836296, 49.988766000000119 ], [ -119.834747, 49.987892000000123 ], [ -119.834495, 49.98775 ], [ -119.833252, 49.987049000000191 ], [ -119.832473, 49.98659300000012 ], [ -119.830944213999871, 49.985697468000041 ], [ -119.828796, 49.98444400000016 ], [ -119.828453, 49.983547000000158 ], [ -119.828232041999925, 49.982967110000132 ], [ -119.830924, 49.981269000000118 ], [ -119.83226, 49.980427 ], [ -119.832941141, 49.980339156000099 ], [ -119.83371, 49.98024 ], [ -119.836619202999941, 49.979873090000105 ], [ -119.836945274999948, 49.979832038000126 ], [ -119.837652999999875, 49.979930000000209 ], [ -119.838614999999891, 49.980064 ], [ -119.840644998999892, 49.980354 ], [ -119.840654322999981, 49.980341160000073 ], [ -119.841109, 49.979715000000169 ], [ -119.841301014999885, 49.979450625 ], [ -119.841514586999892, 49.979156494000094 ], [ -119.841527408, 49.979138809000133 ], [ -119.841610999999887, 49.979023000000112 ], [ -119.842178, 49.978241 ], [ -119.842600999999874, 49.977973 ], [ -119.843924763999837, 49.977134719000091 ], [ -119.845231340999931, 49.976307591000037 ], [ -119.845670722999955, 49.976029442000019 ], [ -119.845682282999846, 49.976025965000147 ], [ -119.847265129999982, 49.975678801 ], [ -119.848052977999885, 49.975505828000038 ], [ -119.84839785999992, 49.975429558000144 ], [ -119.84845, 49.975417999000157 ], [ -119.850708, 49.974922 ], [ -119.851571, 49.974734000000154 ], [ -119.85193918399996, 49.97465392000008 ], [ -119.852371215999881, 49.974559784000164 ], [ -119.852693425999973, 49.974489599999984 ], [ -119.85314499999987, 49.974391 ], [ -119.853912, 49.974224 ], [ -119.854436, 49.974109 ], [ -119.855041261999986, 49.973977142000024 ], [ -119.855377196999882, 49.973903656000168 ], [ -119.856147764999889, 49.97332382300015 ], [ -119.857140551, 49.9725739860001 ], [ -119.858674709999875, 49.97141481900011 ], [ -119.859841622999966, 49.970608578000054 ], [ -119.860885998999905, 49.969887 ], [ -119.862076, 49.969067 ], [ -119.866135000999975, 49.968326999000176 ], [ -119.871917000999986, 49.966935929000037 ], [ -119.876556211999969, 49.965819799000045 ], [ -119.876574395999967, 49.965816597000114 ], [ -119.880340999999873, 49.966755 ], [ -119.881595666999942, 49.967067912000203 ], [ -119.882835387999918, 49.967376710000131 ], [ -119.88803863499993, 49.966453552000139 ], [ -119.888519286999937, 49.966411592 ], [ -119.889770507999984, 49.966308595000164 ], [ -119.890487671999892, 49.966247559000053 ], [ -119.895515001999911, 49.965827978999954 ], [ -119.895542872999954, 49.965642777000113 ], [ -119.895545998999921, 49.965622009000207 ], [ -119.895548500999951, 49.965605746000151 ], [ -119.895575999999835, 49.96542700000014 ], [ -119.895645, 49.964966000000175 ], [ -119.894937, 49.964675 ], [ -119.894577, 49.964527 ], [ -119.893097048999891, 49.963923690000058 ], [ -119.893118633999904, 49.963784926000088 ], [ -119.893501, 49.961327 ], [ -119.893633, 49.961008 ], [ -119.893776, 49.960663 ], [ -119.894524, 49.958874 ], [ -119.900413999999898, 49.956093000000131 ], [ -119.901873759999873, 49.955534952000065 ], [ -119.904182069999933, 49.95465865600017 ], [ -119.904816, 49.954418000000125 ], [ -119.906126, 49.953959 ], [ -119.910773057999862, 49.9523326770002 ], [ -119.91560363899994, 49.95064163300011 ], [ -119.916568481999946, 49.949684445000109 ], [ -119.916718, 49.949536000000116 ], [ -119.917525999999839, 49.948734 ], [ -119.91983, 49.946148000000186 ], [ -119.920677, 49.945199 ], [ -119.921233369, 49.944575944000135 ], [ -119.922111510999969, 49.943592073000183 ], [ -119.922140584999923, 49.943556768000214 ], [ -119.922154999999862, 49.943539 ], [ -119.922165, 49.943527000000188 ], [ -119.922654, 49.9427 ], [ -119.924775745999966, 49.939116562000137 ], [ -119.924781998999961, 49.939105999000027 ], [ -119.924814835999939, 49.939052545000017 ], [ -119.924910999999895, 49.938896000000177 ], [ -119.927467, 49.936798000000145 ], [ -119.9275851189999, 49.936790134000027 ], [ -119.929358999999849, 49.936672 ], [ -119.931609999999878, 49.936523000000129 ], [ -119.933674, 49.936456 ], [ -119.933829998999954, 49.936450999000073 ], [ -119.933926284, 49.936447984000075 ], [ -119.93469199999987, 49.936423999000191 ], [ -119.935851998999908, 49.936386000000134 ], [ -119.93885, 49.933491 ], [ -119.93972759899998, 49.932714873000052 ], [ -119.943969725999864, 49.928962707000096 ], [ -119.945612771999876, 49.925997256000123 ], [ -119.94727299799996, 49.923000003000027 ], [ -119.943611179999948, 49.918346229999976 ], [ -119.951096, 49.920185000000153 ], [ -119.954932999999883, 49.920528 ], [ -119.958206, 49.920822 ], [ -119.962967134999985, 49.923660081000129 ], [ -119.967728, 49.926498 ], [ -119.974829999999827, 49.929973000000125 ], [ -119.976710193999949, 49.930893388000037 ], [ -119.977691650999972, 49.931373595000039 ], [ -119.980926514999965, 49.930900573000038 ], [ -119.983924864999949, 49.930461885000163 ], [ -119.984614144, 49.930360846000035 ], [ -119.985199, 49.930275 ], [ -119.989623998999889, 49.929626 ], [ -119.992242619999857, 49.92924065600009 ], [ -119.994163999999898, 49.928833000000111 ], [ -119.995095580999973, 49.928635643 ], [ -119.995513915999879, 49.928546905000182 ], [ -119.996742247999975, 49.92828369100004 ], [ -119.997486386999924, 49.928125738000098 ], [ -119.997550985999865, 49.92811200200012 ], [ -119.997631580999951, 49.928012143000181 ], [ -119.999290459999898, 49.925956425000024 ], [ -119.999659999999892, 49.92549500000014 ], [ -120.000000094999947, 49.925071884000104 ], [ -120.000042801999896, 49.925018681000068 ], [ -120.000174998999981, 49.924854001000135 ], [ -120.001434, 49.923294 ], [ -120.002043, 49.922842 ], [ -120.003196999999886, 49.921986 ], [ -120.003785, 49.921549 ], [ -120.004082, 49.921329 ], [ -120.005753, 49.921173000000124 ], [ -120.006314, 49.92112 ], [ -120.008041950999953, 49.920957927000174 ], [ -120.009811401, 49.920791627000192 ], [ -120.012481688999856, 49.92054367000015 ], [ -120.013412033999813, 49.920455975000046 ], [ -120.013758092999865, 49.920203676 ], [ -120.014427, 49.919715999000111 ], [ -120.01652669899994, 49.918177144000076 ], [ -120.018066, 49.917049000000134 ], [ -120.019424903999948, 49.916187559000015 ], [ -120.02157012799988, 49.91482762400004 ], [ -120.021735, 49.9147210000001 ], [ -120.021927, 49.914597000000114 ], [ -120.022006, 49.914547 ], [ -120.022079, 49.914501 ], [ -120.022090507999962, 49.914497997000034 ], [ -120.025796, 49.913531 ], [ -120.027374255, 49.913119339000133 ], [ -120.029372918, 49.9125977200001 ], [ -120.029193344999968, 49.911980979000113 ], [ -120.029083, 49.911602000000116 ], [ -120.0289, 49.910992000000149 ], [ -120.028839, 49.910782000000125 ], [ -120.028563999999861, 49.909843000000116 ], [ -120.02729, 49.905548000000152 ], [ -120.027111, 49.904948 ], [ -120.02695546599989, 49.904424567000049 ], [ -120.028022999999862, 49.899967 ], [ -120.028, 49.896942 ], [ -120.027977, 49.895031 ], [ -120.029640385, 49.894521757000092 ], [ -120.033409997999982, 49.893367694000069 ], [ -120.033965532999886, 49.893196758000137 ], [ -120.034240884, 49.893112035000186 ], [ -120.036689757999923, 49.890876770000041 ], [ -120.036716255999977, 49.890478238000114 ], [ -120.036754, 49.889905 ], [ -120.03688, 49.888008000000191 ], [ -120.036084789999961, 49.886923821999979 ], [ -120.034706, 49.885044 ], [ -120.03577399999989, 49.883495000000138 ], [ -120.036437999999876, 49.88253 ], [ -120.03794099999989, 49.881237 ], [ -120.03817, 49.881042 ], [ -120.039413, 49.879967 ], [ -120.03947874499994, 49.879898158000117 ], [ -120.040878, 49.878433 ], [ -120.04187, 49.877399000000111 ], [ -120.043450205999989, 49.876639420000124 ], [ -120.044035, 49.876358000000138 ], [ -120.044701, 49.876038 ], [ -120.045868, 49.875763 ], [ -120.046669091999931, 49.875574826000161 ], [ -120.049279517999935, 49.874961336000212 ], [ -120.049881, 49.874698 ], [ -120.053465916999912, 49.873130035000045 ], [ -120.053485272999907, 49.873121547000103 ], [ -120.054133, 49.872834000000196 ], [ -120.054265245999886, 49.872775491000105 ], [ -120.054298213999971, 49.872760789000132 ], [ -120.054831, 49.872235 ], [ -120.055979127999933, 49.871104056000036 ], [ -120.056968687999941, 49.870128633000085 ], [ -120.057113646999937, 49.86981201300015 ], [ -120.057241143999988, 49.869542533000114 ], [ -120.057449, 49.869102000000169 ], [ -120.057907, 49.868137 ], [ -120.057967999999846, 49.868004001000152 ], [ -120.057294889, 49.86749217600012 ], [ -120.055494257999968, 49.866122997000105 ], [ -120.053612, 49.864691 ], [ -120.053329466999926, 49.864475357000089 ], [ -120.054009629999882, 49.861463109000042 ], [ -120.054291, 49.860217999000056 ], [ -120.054372976999829, 49.85994894600006 ], [ -120.054642, 49.859066 ], [ -120.054670177, 49.858973579999976 ], [ -120.055391999999856, 49.856606 ], [ -120.055492967999953, 49.856274793000118 ], [ -120.055762999999899, 49.855389 ], [ -120.055769999999882, 49.85538 ], [ -120.055824, 49.855316 ], [ -120.057127, 49.853930000000148 ], [ -120.057846, 49.853165000000111 ], [ -120.058509999999899, 49.852547000000136 ], [ -120.058747, 49.852328000000149 ], [ -120.059196, 49.851913 ], [ -120.059426, 49.851703 ], [ -120.059464, 49.851669000000108 ], [ -120.060837, 49.850533000000127 ], [ -120.061845999999889, 49.849899 ], [ -120.061913, 49.849857000000121 ], [ -120.061968, 49.849822 ], [ -120.062897, 49.849236 ], [ -120.064688, 49.847645 ], [ -120.064941, 49.84742 ], [ -120.065269, 49.84680200000011 ], [ -120.065633, 49.846101 ], [ -120.065918, 49.845551000000164 ], [ -120.066717, 49.844062 ], [ -120.067146, 49.843262000000202 ], [ -120.067436, 49.842709 ], [ -120.067573, 49.842419 ], [ -120.068932, 49.839542 ], [ -120.069345999999896, 49.839215000000117 ], [ -120.073768999999899, 49.835728000000117 ], [ -120.076645, 49.83512900000013 ], [ -120.07867199999987, 49.834708000000113 ], [ -120.079956, 49.834442000000131 ], [ -120.080475, 49.834896000000164 ], [ -120.080754999999897, 49.835144000000156 ], [ -120.08094, 49.835308000000133 ], [ -120.0816, 49.835888 ], [ -120.081825, 49.836086 ], [ -120.082038999999824, 49.836273 ], [ -120.082583999999869, 49.837517000000133 ], [ -120.083121999999889, 49.838745000000195 ], [ -120.08329, 49.838831 ], [ -120.090546, 49.842548000000114 ], [ -120.093689, 49.843849 ], [ -120.094704999999863, 49.844272 ], [ -120.095092999999892, 49.844433 ], [ -120.09803799999986, 49.844143 ], [ -120.098515, 49.843903000000111 ], [ -120.099487, 49.843414 ], [ -120.102491, 49.843527 ], [ -120.103569, 49.843567000000213 ], [ -120.104295, 49.843594 ], [ -120.107582, 49.843719000000114 ], [ -120.107749999999896, 49.843727000000108 ], [ -120.107834, 49.843730000000185 ], [ -120.107879999999895, 49.843731 ], [ -120.109284, 49.843673 ], [ -120.112518, 49.84354 ], [ -120.1144, 49.843678000000139 ], [ -120.118889, 49.844006 ], [ -120.119064, 49.844090000000136 ], [ -120.120094, 49.844574000000215 ], [ -120.120121, 49.844587 ], [ -120.120171, 49.844612000000119 ], [ -120.120468, 49.844753000000118 ], [ -120.121563, 49.846307000000159 ], [ -120.123718, 49.849365 ], [ -120.124847, 49.84845 ], [ -120.124908, 49.848401 ], [ -120.125602999999842, 49.847832000000139 ], [ -120.125793, 49.847710000000106 ], [ -120.128600999999847, 49.845818 ], [ -120.130541, 49.845729000000205 ], [ -120.1306, 49.845726000000163 ], [ -120.130645999999885, 49.845755 ], [ -120.131134, 49.84606200000016 ], [ -120.134422, 49.84811800000012 ], [ -120.136513, 49.850468 ], [ -120.143837, 49.854012000000182 ], [ -120.146316999999897, 49.854462000000119 ], [ -120.146623, 49.854516000000196 ], [ -120.147148, 49.8546100000001 ], [ -120.149666, 49.85564 ], [ -120.149895, 49.855804000000141 ], [ -120.151665, 49.857059 ], [ -120.152001, 49.857297 ], [ -120.152145, 49.857399 ], [ -120.153812, 49.859141000000186 ], [ -120.154991, 49.8603740000001 ], [ -120.155419, 49.860866 ], [ -120.155454, 49.860907000000125 ], [ -120.155617, 49.861099000000188 ], [ -120.155883999999844, 49.861416000000141 ], [ -120.156301, 49.861908 ], [ -120.156708, 49.862389000000171 ], [ -120.156782, 49.862477000000183 ], [ -120.157264999999882, 49.863052000000145 ], [ -120.161058, 49.86496 ], [ -120.161369, 49.865116 ], [ -120.164551, 49.864944 ], [ -120.166198, 49.864534 ], [ -120.166969, 49.86434200000015 ], [ -120.167449, 49.864109 ], [ -120.16748, 49.864094000000151 ], [ -120.167549999999892, 49.86406 ], [ -120.169082999999844, 49.863308000000174 ], [ -120.17083, 49.861584000000192 ], [ -120.172409, 49.859337 ], [ -120.174003999999854, 49.85751 ], [ -120.176315, 49.856560000000144 ], [ -120.179378999999869, 49.856253000000116 ], [ -120.181114, 49.856079000000172 ], [ -120.181608, 49.856221000000147 ], [ -120.183144, 49.856663000000118 ], [ -120.184944, 49.857182000000144 ], [ -120.185852, 49.857679000000189 ], [ -120.185982, 49.85775 ], [ -120.187279, 49.858459000000117 ], [ -120.18799399999989, 49.858616000000112 ], [ -120.188377, 49.858700000000105 ], [ -120.194579999999874, 49.860062 ], [ -120.19635, 49.860207 ], [ -120.198105, 49.860352 ], [ -120.202522, 49.859547 ], [ -120.203028999999844, 49.859455 ], [ -120.203742999999875, 49.859325 ], [ -120.206467, 49.858627000000105 ], [ -120.208435, 49.858955 ], [ -120.21007499999989, 49.859226000000142 ], [ -120.210488999999882, 49.859389000000149 ], [ -120.213187999999832, 49.860455 ], [ -120.213226, 49.860954 ], [ -120.213333, 49.86237 ], [ -120.213966, 49.871063 ], [ -120.214278999999877, 49.872692 ], [ -120.21441, 49.873376 ], [ -120.214638, 49.874565 ], [ -120.214641, 49.874735000000129 ], [ -120.214645, 49.875004000000139 ], [ -120.214652999999885, 49.875412000000125 ], [ -120.214661, 49.875793 ], [ -120.214524, 49.876024 ], [ -120.213531, 49.877693 ], [ -120.212822, 49.87888300000013 ], [ -120.212685, 49.881203 ], [ -120.212662, 49.881649 ], [ -120.212665, 49.881665000000126 ], [ -120.212669, 49.881687000000134 ], [ -120.212857, 49.882326 ], [ -120.21312, 49.883217 ], [ -120.213402, 49.884193 ], [ -120.213645, 49.885014 ], [ -120.213966, 49.886101000000103 ], [ -120.224601999999834, 49.892525000000141 ], [ -120.226982, 49.894543000000169 ], [ -120.228493, 49.895821 ], [ -120.229964, 49.895787 ], [ -120.230804, 49.895767 ], [ -120.238121, 49.895618000000105 ], [ -120.246894999999881, 49.896469000000231 ], [ -120.257957, 49.894363000000148 ], [ -120.261596999999881, 49.889896 ], [ -120.26178, 49.889668 ], [ -120.26227, 49.889064 ], [ -120.26239, 49.888916000000116 ], [ -120.262538, 49.88889 ], [ -120.264069, 49.888615000000136 ], [ -120.26579699999985, 49.888302000000159 ], [ -120.268028, 49.887897 ], [ -120.283028, 49.892181000000107 ], [ -120.286207, 49.893502000000197 ], [ -120.288971, 49.89465 ], [ -120.291209, 49.895578000000135 ], [ -120.293938, 49.896709000000151 ], [ -120.296432, 49.897163 ], [ -120.303108, 49.898811000000144 ], [ -120.304084, 49.899137 ], [ -120.305984, 49.89977300000016 ], [ -120.307326999999859, 49.900219 ], [ -120.30768, 49.900364 ], [ -120.307968, 49.900482 ], [ -120.312822999999867, 49.902496 ], [ -120.313744, 49.902878 ], [ -120.3144, 49.903149 ], [ -120.315094, 49.903431000000104 ], [ -120.315772, 49.90372300000017 ], [ -120.317703, 49.90455600000012 ], [ -120.319854999999862, 49.905483000000132 ], [ -120.327872, 49.911356 ], [ -120.328125, 49.911541 ], [ -120.329384, 49.912247 ], [ -120.332932, 49.911957 ], [ -120.333092, 49.911911000000138 ], [ -120.336349, 49.910992000000149 ], [ -120.336889, 49.91074 ], [ -120.339690999999888, 49.909431000000126 ], [ -120.342113, 49.908042 ], [ -120.342583, 49.907772000000143 ], [ -120.346756, 49.906048 ], [ -120.352599999999896, 49.905018 ], [ -120.353539, 49.904850000000117 ], [ -120.35412899999983, 49.904794000000109 ], [ -120.361046, 49.90414 ], [ -120.36235, 49.903404 ], [ -120.363169, 49.901737000000139 ], [ -120.363289, 49.901493000000187 ], [ -120.36326299999989, 49.900602 ], [ -120.363197, 49.898296000000158 ], [ -120.363174, 49.897591 ], [ -120.363169, 49.897339 ], [ -120.363167, 49.897228 ], [ -120.363155, 49.896917000000137 ], [ -120.363135999999869, 49.896439 ], [ -120.362442, 49.893322 ], [ -120.362892, 49.891750000000187 ], [ -120.363457, 49.891304 ], [ -120.364075, 49.890816000000122 ], [ -120.365952, 49.889324000000165 ], [ -120.368187, 49.888828000000153 ], [ -120.370766, 49.888256 ], [ -120.373299, 49.887093000000178 ], [ -120.373495, 49.886472000000104 ], [ -120.373695, 49.885841 ], [ -120.373774, 49.88561 ], [ -120.37381, 49.885502000000137 ], [ -120.373772, 49.885193000000157 ], [ -120.373717999999883, 49.884754 ], [ -120.373596, 49.883751000000217 ], [ -120.389862, 49.874065 ], [ -120.386597, 49.866180000000142 ], [ -120.386532, 49.859331000000118 ], [ -120.386528, 49.858948 ], [ -120.386528, 49.858688 ], [ -120.389738, 49.854495 ], [ -120.390404, 49.853626 ], [ -120.388625999999874, 49.849216 ], [ -120.389259, 49.849014000000139 ], [ -120.389709, 49.848431000000126 ], [ -120.390686, 49.847179 ], [ -120.391403, 49.846252 ], [ -120.392304, 49.844732 ], [ -120.393723, 49.842339000000123 ], [ -120.393814, 49.842209000000103 ], [ -120.396828, 49.83799 ], [ -120.39685, 49.837986 ], [ -120.396873, 49.837982 ], [ -120.397551, 49.837878 ], [ -120.398285, 49.837765 ], [ -120.400458999999898, 49.837433000000161 ], [ -120.406989999999894, 49.837372 ], [ -120.407255, 49.837368 ], [ -120.407562, 49.837364000000107 ], [ -120.407901, 49.837160000000118 ], [ -120.408226, 49.836964 ], [ -120.411224, 49.835175 ], [ -120.411596, 49.834807 ], [ -120.412468, 49.833946 ], [ -120.413901999999894, 49.832531 ], [ -120.414239, 49.832260000000105 ], [ -120.414589, 49.831978000000156 ], [ -120.415528, 49.831224000000162 ], [ -120.416618, 49.830349 ], [ -120.417952999999883, 49.828616000000146 ], [ -120.418793, 49.827526 ], [ -120.418945999999892, 49.827326 ], [ -120.419319, 49.826839 ], [ -120.419402999999875, 49.826378000000105 ], [ -120.419563, 49.825516000000178 ], [ -120.419735999999887, 49.824565000000192 ], [ -120.419754, 49.824467 ], [ -120.419755, 49.824374 ], [ -120.419762, 49.823177 ], [ -120.419762, 49.822796 ], [ -120.421883, 49.819607000000161 ], [ -120.421901, 49.819593 ], [ -120.421928, 49.819572 ], [ -120.42219499999986, 49.81936300000018 ], [ -120.422211, 49.819351 ], [ -120.422646, 49.819016 ], [ -120.423314999999889, 49.818496 ], [ -120.423546, 49.818317000000143 ], [ -120.423633, 49.818249 ], [ -120.423691, 49.81820300000016 ], [ -120.423882, 49.818053 ], [ -120.424025999999898, 49.81794 ], [ -120.42613, 49.817218 ], [ -120.433121, 49.814819 ], [ -120.435659, 49.814028000000185 ], [ -120.440132, 49.812634 ], [ -120.442742, 49.811817 ], [ -120.443863, 49.811466 ], [ -120.444378, 49.811306 ], [ -120.44561, 49.810925 ], [ -120.44646, 49.810126 ], [ -120.447044, 49.809578 ], [ -120.454062999999891, 49.802994 ], [ -120.460815, 49.796715000000141 ], [ -120.467787, 49.79023 ], [ -120.472115, 49.786205000000109 ], [ -120.479111, 49.77970100000018 ], [ -120.479344, 49.77948400000011 ], [ -120.485458, 49.773788000000103 ], [ -120.486419999999896, 49.772945 ], [ -120.5, 49.772701 ], [ -120.500038, 49.772701 ], [ -120.50096099999989, 49.772686 ], [ -120.500974, 49.772686 ], [ -120.50148, 49.772675 ], [ -120.502567999999883, 49.772691 ], [ -120.503204, 49.772701 ], [ -120.503570999999852, 49.772707 ], [ -120.50399, 49.772713000000209 ], [ -120.506120999999894, 49.772743 ], [ -120.506401, 49.772747000000166 ], [ -120.50724, 49.772758000000167 ], [ -120.517531999999889, 49.772903000000113 ], [ -120.530952, 49.773094 ], [ -120.543114, 49.773132 ], [ -120.563927, 49.773193000000106 ], [ -120.566582, 49.773201 ], [ -120.566672999999881, 49.773201 ], [ -120.567627, 49.773205 ], [ -120.569323, 49.77321 ], [ -120.571449, 49.773216 ], [ -120.573127999999883, 49.77322 ], [ -120.573225613999966, 49.771915883000077 ], [ -120.573303196999987, 49.770882001000146 ], [ -120.574237665999917, 49.770885881000098 ], [ -120.574989, 49.770889 ], [ -120.597046, 49.770977 ], [ -120.59749533199998, 49.770978939000152 ], [ -120.603302, 49.77100400000019 ], [ -120.603303976999868, 49.770895719000187 ], [ -120.603561400999965, 49.756816863000061 ], [ -120.603683471999958, 49.750076295000113 ], [ -120.603691101999971, 49.749969482000132 ], [ -120.603691101999971, 49.749786376000088 ], [ -120.603691101999971, 49.74971399900015 ], [ -120.603944127999895, 49.749711789000209 ], [ -120.60414886399991, 49.749710083000174 ], [ -120.60543170699998, 49.749715368000182 ], [ -120.611557, 49.749741 ], [ -120.614089857999886, 49.749750842000097 ], [ -120.614388, 49.749752 ], [ -120.616007308999841, 49.749757675000112 ], [ -120.628654, 49.749802000000123 ], [ -120.633369, 49.749817 ], [ -120.635109, 49.749825 ], [ -120.63913, 49.74984 ], [ -120.641535833999981, 49.74984536100002 ], [ -120.644066, 49.749851 ], [ -120.651688, 49.749874 ], [ -120.657416999999839, 49.749893000000178 ], [ -120.6577, 49.749893000000178 ], [ -120.670189, 49.749931 ], [ -120.693092, 49.749992000000177 ], [ -120.692973582999969, 49.748569331000134 ], [ -120.692879, 49.747433000000136 ], [ -120.697767874999897, 49.747285347000108 ], [ -120.704269011999941, 49.747089399000068 ], [ -120.704306378999831, 49.748338432000118 ], [ -120.70432299999986, 49.748894 ], [ -120.704333748999943, 49.749205358000076 ], [ -120.704353314999977, 49.749763001000147 ], [ -120.709098094999874, 49.749785315000047 ], [ -120.712646, 49.749802000000123 ], [ -120.714395905999922, 49.74981107500016 ], [ -120.714767, 49.749813 ], [ -120.715117317999955, 49.749814690000107 ], [ -120.717255, 49.749825 ], [ -120.718054022999979, 49.749826756000203 ], [ -120.71862, 49.749828000000115 ], [ -120.723631013999864, 49.749835308000179 ], [ -120.729591, 49.749844000000174 ], [ -120.732119189999977, 49.749848478 ], [ -120.733543396999949, 49.749851227000121 ], [ -120.734504699999832, 49.749847412000136 ], [ -120.755096434999984, 49.749874115000047 ], [ -120.756546019999917, 49.749874115000047 ], [ -120.758242803999963, 49.749876491999977 ], [ -120.75927, 49.749878000000145 ], [ -120.759766, 49.749878000000145 ], [ -120.759872, 49.749878000000145 ], [ -120.762054, 49.749882000000127 ], [ -120.762062, 49.750015000000161 ], [ -120.762245, 49.752522 ], [ -120.762268, 49.752819 ], [ -120.762305999999896, 49.753292 ], [ -120.762347760999887, 49.753870293000169 ], [ -120.762352, 49.753929000000142 ], [ -120.76281, 49.760101 ], [ -120.767669999999896, 49.760204000000101 ], [ -120.767892936999885, 49.760210756000085 ], [ -120.768066, 49.760216000000199 ], [ -120.770879841999957, 49.760277188000117 ], [ -120.77156066799995, 49.760292053000171 ], [ -120.77346799799993, 49.760334015000133 ], [ -120.773445, 49.76047100000018 ], [ -120.772987392999951, 49.763809000000101 ], [ -120.773078999999882, 49.763809000000101 ], [ -120.773582, 49.763809000000101 ], [ -120.774361, 49.763813 ], [ -120.777594582999939, 49.763821596000128 ], [ -120.798812999999825, 49.763878000000162 ], [ -120.804386134999945, 49.763851064000065 ], [ -120.817848, 49.763786 ], [ -120.821558006999965, 49.763767628000046 ], [ -120.826935, 49.763741 ], [ -120.828761581999913, 49.763731100000086 ], [ -120.829887, 49.763725 ], [ -120.830048, 49.763725 ], [ -120.831009, 49.763721000000174 ], [ -120.831072861999942, 49.763042165000172 ], [ -120.831352197999976, 49.760074988999953 ], [ -120.832044812, 49.760035040000176 ], [ -120.832687377999946, 49.759998322000094 ], [ -120.8660583489999, 49.760269165000061 ], [ -120.866412713999921, 49.760272529000183 ], [ -120.867264, 49.760281 ], [ -120.869303305999892, 49.760295389000156 ], [ -120.870948791, 49.760307312000123 ], [ -120.873817444999915, 49.760330200000034 ], [ -120.878547668999872, 49.76036834700011 ], [ -120.879459355, 49.760375470000092 ], [ -120.879524, 49.760376 ], [ -120.879605776999938, 49.760376614000144 ], [ -120.880988999999872, 49.760387 ], [ -120.881256, 49.760387000000172 ], [ -120.881348, 49.760387000000172 ], [ -120.905542674999921, 49.760518723000146 ], [ -120.9179, 49.760586000000117 ], [ -120.922774999999888, 49.760502 ], [ -120.922874, 49.760502 ], [ -120.923813065999965, 49.760493289000095 ], [ -120.926216, 49.76047100000018 ], [ -120.929834617999902, 49.760435752000085 ], [ -120.933197, 49.760403 ], [ -120.933907, 49.760399 ], [ -120.939896, 49.760338000000147 ], [ -120.942381241999939, 49.760313710000098 ], [ -120.947365, 49.760265000000196 ], [ -120.948339784999902, 49.754531766000042 ], [ -120.949028014999968, 49.750484466000067 ], [ -120.949448409999903, 49.750151654000028 ], [ -120.949577, 49.750050000000137 ], [ -120.949991534, 49.749725517000066 ], [ -120.950401, 49.749405000000124 ], [ -120.952207094999892, 49.74798768300014 ], [ -120.954071, 49.746525000000162 ], [ -120.954254, 49.746422 ], [ -120.955505603999868, 49.74574826 ], [ -120.95904499999989, 49.743843000000169 ], [ -120.959545735999939, 49.741298567 ], [ -120.960114, 49.738411 ], [ -120.960083764999965, 49.73620680500008 ], [ -120.960052, 49.733891 ], [ -120.956619, 49.726109000000115 ], [ -120.956458999999867, 49.725739 ], [ -120.955435255999916, 49.721874481000107 ], [ -120.954651, 49.718914 ], [ -120.954093999999884, 49.711857 ], [ -120.955047999999863, 49.709221 ], [ -120.955114345999846, 49.709180843000176 ], [ -120.955200195999907, 49.709129334000124 ], [ -120.955842716999882, 49.70874850300018 ], [ -120.956352, 49.708447000000163 ], [ -120.956271433999916, 49.708080211000073 ], [ -120.956238, 49.707928 ], [ -120.956120762999888, 49.707339109 ], [ -120.956108093999887, 49.707275391000138 ], [ -120.9603118899999, 49.697746277000228 ], [ -120.960861205999905, 49.696846008000044 ], [ -120.961051289999887, 49.696536401000088 ], [ -120.961365, 49.696026 ], [ -120.961838, 49.673447 ], [ -120.963198235, 49.673439167 ], [ -120.966353156999901, 49.673421308000044 ], [ -120.972030639999915, 49.673389436000093 ], [ -120.976313101999935, 49.673365586000045 ], [ -120.980078, 49.67334500000014 ], [ -120.98436, 49.673321000000129 ], [ -120.984403, 49.66637400000014 ], [ -120.984409183999958, 49.665372952000119 ], [ -120.98445129199996, 49.658604002000089 ], [ -120.984474632999934, 49.658604145000041 ], [ -120.998506, 49.65869 ], [ -121.0, 49.658699000000134 ], [ -121.000075998999932, 49.658699000000134 ], [ -121.000091256999951, 49.658699089000137 ], [ -121.002647, 49.658714000000167 ], [ -121.004323045999982, 49.65872503 ], [ -121.006142, 49.658737 ], [ -121.00618, 49.657589000000179 ], [ -121.006204348999901, 49.656866795000163 ], [ -121.006233214999938, 49.65601730400018 ], [ -121.006645201999902, 49.644157409000179 ], [ -121.01765442, 49.643875123000093 ], [ -121.017792, 49.643871 ], [ -121.017807009999899, 49.642997615000148 ], [ -121.017807999999889, 49.642958000000149 ], [ -121.017936252999959, 49.636751167000064 ], [ -121.01793700099995, 49.636715 ], [ -121.029309697999963, 49.636678207000038 ], [ -121.05090485, 49.636608339000176 ], [ -121.051010022999947, 49.636607707999964 ], [ -121.051018416999909, 49.63650455200019 ], [ -121.051040999999898, 49.636227000000112 ], [ -121.051491, 49.630585001000036 ], [ -121.054511998999942, 49.630890000000164 ], [ -121.057350000999918, 49.631550001000086 ], [ -121.057663022999989, 49.631622505000117 ], [ -121.057976276999966, 49.631695063000031 ], [ -121.058060044999976, 49.631714243000069 ], [ -121.058273, 49.63176300000012 ], [ -121.058807, 49.631489001 ], [ -121.059312949999978, 49.631222428000093 ], [ -121.060277, 49.629457 ], [ -121.060656744999946, 49.628760550000131 ], [ -121.060783385999969, 49.628528594000166 ], [ -121.060829, 49.628445001000088 ], [ -121.060881312999982, 49.628348522000195 ], [ -121.060951040999896, 49.628219957000084 ], [ -121.06165842099989, 49.627487778000024 ], [ -121.062149114999897, 49.626979882000128 ], [ -121.062215, 49.626912000000146 ], [ -121.062352374999932, 49.62676887700011 ], [ -121.062454223999907, 49.62666320900005 ], [ -121.064613342999976, 49.625835418000037 ], [ -121.065732454999988, 49.625813850000021 ], [ -121.066889, 49.625792 ], [ -121.068176000999884, 49.625767 ], [ -121.069214, 49.625458001 ], [ -121.071121, 49.624886001000107 ], [ -121.074791074999879, 49.624736166000048 ], [ -121.075431822999974, 49.624710083000132 ], [ -121.075866250999979, 49.624754491000068 ], [ -121.076368999999886, 49.624806000000106 ], [ -121.080581999999879, 49.625237000000105 ], [ -121.085464, 49.626221 ], [ -121.085867999999891, 49.626385 ], [ -121.085944883999957, 49.62641616300013 ], [ -121.086242675999983, 49.626537323000122 ], [ -121.086939968999957, 49.626822305000175 ], [ -121.08712, 49.626896000000109 ], [ -121.08746, 49.626906000000226 ], [ -121.088295, 49.62693 ], [ -121.08902, 49.626953000000142 ], [ -121.09005, 49.626621 ], [ -121.090369, 49.62652 ], [ -121.091423004999967, 49.626185537 ], [ -121.091436057999886, 49.626180741000177 ], [ -121.092780999999874, 49.62558 ], [ -121.092998646999959, 49.625482434000126 ], [ -121.09307098399988, 49.625450135000094 ], [ -121.093589782999913, 49.625217439 ], [ -121.095186790999904, 49.625180253000082 ], [ -121.096371, 49.625153000000104 ], [ -121.096704, 49.625144977000048 ], [ -121.097175101999923, 49.625134458000183 ], [ -121.098763, 49.625099000000141 ], [ -121.100304, 49.624405000000174 ], [ -121.10125, 49.623726000000154 ], [ -121.10216, 49.623078000000199 ], [ -121.102406695999889, 49.622902264 ], [ -121.10305023199993, 49.622444154000164 ], [ -121.10324118599992, 49.622415148000073 ], [ -121.103654192999898, 49.622352820000053 ], [ -121.104098, 49.622286 ], [ -121.104438999999886, 49.622234000000176 ], [ -121.105659, 49.621284 ], [ -121.105746951999933, 49.621215544000137 ], [ -121.10605600099997, 49.620975 ], [ -121.106187463999916, 49.620524585000055 ], [ -121.106293000999941, 49.620163 ], [ -121.106356355999935, 49.619940256000099 ], [ -121.10648346, 49.619495393000122 ], [ -121.110687257, 49.615524292000082 ], [ -121.115101187, 49.612734264000039 ], [ -121.117676, 49.611107 ], [ -121.11903, 49.610249 ], [ -121.119266425999896, 49.610098975 ], [ -121.119331188999936, 49.610057939000171 ], [ -121.12051, 49.609678 ], [ -121.12097741499997, 49.609527194000044 ], [ -121.121070860999893, 49.609497070000081 ], [ -121.122218198999974, 49.609826296000087 ], [ -121.125045748, 49.610637928000131 ], [ -121.124996911999858, 49.611058448000115 ], [ -121.124987914999906, 49.611135787000158 ], [ -121.12490831599996, 49.61182 ], [ -121.124984741999981, 49.611820221000144 ], [ -121.125068663999912, 49.61182022100013 ], [ -121.124916075999906, 49.612308502000111 ], [ -121.124618529999964, 49.613265991000077 ], [ -121.12458209, 49.614799069000064 ], [ -121.124576, 49.615052000000112 ], [ -121.124565139999902, 49.615507141000194 ], [ -121.124557349999975, 49.615680351000144 ], [ -121.124664, 49.615902000000155 ], [ -121.126047032999978, 49.61868882600011 ], [ -121.126162656999938, 49.618792743000114 ], [ -121.126281998999957, 49.618900000000139 ], [ -121.127160086999936, 49.619719393000032 ], [ -121.127419, 49.619961 ], [ -121.127453837999951, 49.619972153000163 ], [ -121.127697238999986, 49.620050288000094 ], [ -121.129189, 49.620529000000133 ], [ -121.132059, 49.621448000000164 ], [ -121.134494497999981, 49.622226437000165 ], [ -121.135634, 49.622043000000218 ], [ -121.136078, 49.621971 ], [ -121.136649, 49.621706000000195 ], [ -121.140526, 49.61990400000014 ], [ -121.140851, 49.619752000000211 ], [ -121.140953668999927, 49.619703440000045 ], [ -121.140998839999966, 49.619682312000037 ], [ -121.142798291999952, 49.619472020000103 ], [ -121.142927, 49.619457 ], [ -121.143578, 49.619381 ], [ -121.14724739999987, 49.618953881000088 ], [ -121.147734, 49.618809000000127 ], [ -121.147961932, 49.618740695 ], [ -121.148040771999945, 49.618717194000141 ], [ -121.149024963999921, 49.618427276000105 ], [ -121.14962982599998, 49.618318401000103 ], [ -121.150550999999879, 49.618153000000184 ], [ -121.151406977999969, 49.618003403000145 ], [ -121.151828637, 49.617876387000152 ], [ -121.152786254999924, 49.617588044000144 ], [ -121.155220030999956, 49.616859437000201 ], [ -121.156768798999906, 49.617584229000094 ], [ -121.159256103999951, 49.61914821499996 ], [ -121.159790000999976, 49.619484001000082 ], [ -121.160056998999949, 49.619652 ], [ -121.160386162999941, 49.619943453000076 ], [ -121.161086999999895, 49.620564000000144 ], [ -121.161323, 49.621012000000121 ], [ -121.161372671, 49.621106213000225 ], [ -121.161506652999876, 49.62136077800001 ], [ -121.161740035999912, 49.621813182000132 ], [ -121.16196, 49.622240000000168 ], [ -121.162497998999925, 49.62328300100021 ], [ -121.162496854999901, 49.623303827000107 ], [ -121.162361103999913, 49.625774147000058 ], [ -121.168235778999986, 49.634071351000038 ], [ -121.168761995999887, 49.63501701500013 ], [ -121.168578999999852, 49.635658000000113 ], [ -121.168492999999842, 49.635953 ], [ -121.168417780999903, 49.636213580000017 ], [ -121.168380737999925, 49.636341095000049 ], [ -121.166117759999963, 49.639722091 ], [ -121.165176, 49.641129 ], [ -121.165248474999899, 49.641704804000021 ], [ -121.165321, 49.642281 ], [ -121.16603119399997, 49.643555143000057 ], [ -121.166159, 49.643649000000138 ], [ -121.166572998999982, 49.643951 ], [ -121.166980569999907, 49.644248415000128 ], [ -121.167091, 49.644329 ], [ -121.167099297, 49.644338726000178 ], [ -121.167781583999968, 49.645138690999978 ], [ -121.168899536999902, 49.646450044000019 ], [ -121.169434709999948, 49.647078873000154 ], [ -121.170013, 49.647759 ], [ -121.170272777999912, 49.648063739999969 ], [ -121.170082586, 49.64838072800012 ], [ -121.170071, 49.648400000000144 ], [ -121.169952, 49.648598000000163 ], [ -121.169775116999986, 49.64893960600017 ], [ -121.169471740999896, 49.649524688000064 ], [ -121.168083190999937, 49.649974823999983 ], [ -121.167670211999962, 49.650107617000124 ], [ -121.165816998999958, 49.650703 ], [ -121.161331000999951, 49.653220999000162 ], [ -121.160705999999891, 49.653400000000111 ], [ -121.159996, 49.653604000000108 ], [ -121.159432090999928, 49.653766685000143 ], [ -121.155563069999914, 49.654586984999966 ], [ -121.155518937999886, 49.654623679000025 ], [ -121.154810715999986, 49.655212542000164 ], [ -121.151603698999963, 49.657878877000087 ], [ -121.148040771999945, 49.660827637000097 ], [ -121.146621259999904, 49.661302866000113 ], [ -121.146288365999908, 49.661414208999986 ], [ -121.146239, 49.661417000000164 ], [ -121.146118507999958, 49.66142297500005 ], [ -121.145681326999863, 49.661441603000107 ], [ -121.145226, 49.661461 ], [ -121.143814, 49.661522000000126 ], [ -121.14363459999997, 49.66161073599995 ], [ -121.142325999, 49.662258000000122 ], [ -121.141106, 49.663528 ], [ -121.140594219999969, 49.664058772000075 ], [ -121.139266968999891, 49.664485932000019 ], [ -121.137863157999845, 49.664546967 ], [ -121.137852881999947, 49.664547402000139 ], [ -121.137687, 49.664554000000159 ], [ -121.137413, 49.664566000000129 ], [ -121.136512999999866, 49.665119 ], [ -121.136487, 49.665135000000134 ], [ -121.136416077999925, 49.665178825999966 ], [ -121.135795593999944, 49.665561677000149 ], [ -121.135017452999932, 49.665823452000062 ], [ -121.134322, 49.666057000000201 ], [ -121.132904, 49.666534 ], [ -121.13198293399995, 49.667096577000152 ], [ -121.131866204999881, 49.667167875000203 ], [ -121.131726, 49.667441 ], [ -121.131714, 49.667465000000149 ], [ -121.131142, 49.668556000000208 ], [ -121.131112087999881, 49.668712642000166 ], [ -121.130744981999911, 49.670635030000128 ], [ -121.130633656999862, 49.670826676000154 ], [ -121.129516601999967, 49.672748566000152 ], [ -121.127266671999962, 49.673978527000088 ], [ -121.126756999999813, 49.674257000000139 ], [ -121.125519380999833, 49.674933419000169 ], [ -121.122771999999884, 49.676216000000146 ], [ -121.122412062999956, 49.676382864000125 ], [ -121.121948241999917, 49.676597596000136 ], [ -121.12172464199989, 49.67662198800015 ], [ -121.121529, 49.676643000000198 ], [ -121.121011285999927, 49.676702817000056 ], [ -121.120304710999847, 49.676784457000039 ], [ -121.119391999999877, 49.677094000000189 ], [ -121.118832, 49.677288000000118 ], [ -121.118760535, 49.677312750000198 ], [ -121.118370076999895, 49.677448120000186 ], [ -121.118706, 49.677971 ], [ -121.118734, 49.678013000000185 ], [ -121.118759, 49.678051000000124 ], [ -121.12040662499993, 49.67820469300019 ], [ -121.120559999999898, 49.678219000000226 ], [ -121.12136763599996, 49.678293420000095 ], [ -121.122176998999862, 49.678368000000106 ], [ -121.125207165999939, 49.680081204000103 ], [ -121.125320041999956, 49.680145041000145 ], [ -121.127739021999915, 49.682480021000032 ], [ -121.127783, 49.682522 ], [ -121.127803779999908, 49.682541741000215 ], [ -121.127822875, 49.682559968000191 ], [ -121.127829322999901, 49.682569800000124 ], [ -121.127843, 49.682591 ], [ -121.127975, 49.682793000000125 ], [ -121.128883, 49.684128 ], [ -121.131149, 49.686657000000125 ], [ -121.131419, 49.686779 ], [ -121.131445340999946, 49.686790879000064 ], [ -121.131469725999935, 49.686801910000142 ], [ -121.133155822999981, 49.687557220000109 ], [ -121.133539905999896, 49.68782052100017 ], [ -121.134084, 49.688194 ], [ -121.134369, 49.688389 ], [ -121.134397, 49.688409 ], [ -121.134471446999953, 49.688460611000124 ], [ -121.134559630999902, 49.688522340000183 ], [ -121.134411297999961, 49.689934880000195 ], [ -121.134201, 49.691933000000105 ], [ -121.134056061999956, 49.693317042000096 ], [ -121.134267741999977, 49.69345906300002 ], [ -121.134369829999969, 49.693527549000187 ], [ -121.134771, 49.693793 ], [ -121.135406, 49.694214 ], [ -121.13638387999994, 49.694611349000148 ], [ -121.136827, 49.69478700000019 ], [ -121.136949109999989, 49.694835266000084 ], [ -121.137123107999983, 49.694904327000067 ], [ -121.137921515999949, 49.695800901000169 ], [ -121.138408397999925, 49.696347687999989 ], [ -121.138519146999968, 49.696472064000027 ], [ -121.14037323099997, 49.696735383000053 ], [ -121.141845701999955, 49.697803498000034 ], [ -121.143760999999884, 49.699856 ], [ -121.144112176999954, 49.699860001000069 ], [ -121.146484374999957, 49.701530457000104 ], [ -121.148513793999953, 49.703769685000097 ], [ -121.149810790999936, 49.706089021000018 ], [ -121.151519774999926, 49.707500457000101 ], [ -121.153121947999963, 49.707294465000054 ], [ -121.153808592999951, 49.707897186000125 ], [ -121.155029296999871, 49.708953858000164 ], [ -121.154510497999865, 49.709739685000145 ], [ -121.154182434999882, 49.711185455000162 ], [ -121.15434265, 49.711486816000111 ], [ -121.155578612999918, 49.713836669000131 ], [ -121.1551208489999, 49.715942383000097 ], [ -121.157341002999942, 49.717601775999974 ], [ -121.159141539999951, 49.717521667000064 ], [ -121.161811827999941, 49.717403411000163 ], [ -121.163101195999943, 49.71808242800018 ], [ -121.164993286999916, 49.719066619000174 ], [ -121.167396544999988, 49.722213744 ], [ -121.17034149199992, 49.721889496000216 ], [ -121.171379088999956, 49.722015382000201 ], [ -121.172439576, 49.722141266000044 ], [ -121.173965454999916, 49.723922729000179 ], [ -121.174530028999939, 49.724044800000108 ], [ -121.175689697999914, 49.724300383999953 ], [ -121.176620483999955, 49.723999023 ], [ -121.177856444999975, 49.72359848100016 ], [ -121.181739806999971, 49.725757600000158 ], [ -121.185539244999916, 49.726551057000144 ], [ -121.187850952999952, 49.729732514000013 ], [ -121.188453673999902, 49.730567932999961 ], [ -121.191253661999951, 49.732559204000161 ], [ -121.192008972999986, 49.734794616000045 ], [ -121.193534851999956, 49.736160278000021 ], [ -121.193023682999936, 49.738750459000066 ], [ -121.19288635199996, 49.739471435000077 ], [ -121.192985533999874, 49.740306854000117 ], [ -121.193069457999911, 49.740959168000096 ], [ -121.193939207999904, 49.741214752000118 ], [ -121.196769713999913, 49.742042541000082 ], [ -121.197196960999918, 49.74251937800004 ], [ -121.197975159999885, 49.743408202000097 ], [ -121.197723387999929, 49.743953705000131 ], [ -121.197135924999941, 49.745227815000078 ], [ -121.195945739999956, 49.746509553000081 ], [ -121.195213317999887, 49.747291564000207 ], [ -121.196601867999945, 49.750053406000127 ], [ -121.196876525999983, 49.750606537000131 ], [ -121.197021484999922, 49.750892640000068 ], [ -121.197074889999968, 49.754905701000062 ], [ -121.198341369999923, 49.755527497000131 ], [ -121.198600768999981, 49.755653381000094 ], [ -121.200637816999958, 49.757892609000059 ], [ -121.20252227799989, 49.764511109000061 ], [ -121.202995299999941, 49.765388490000092 ], [ -121.203285215999969, 49.765922547000145 ], [ -121.205551146999923, 49.767230988000087 ], [ -121.209625242999891, 49.769588471000027 ], [ -121.2107467659999, 49.770236969000038 ], [ -121.211166382999977, 49.771633148000042 ], [ -121.211250304999979, 49.771930694000098 ], [ -121.210472108, 49.774196625000116 ], [ -121.210411071999886, 49.774372101000026 ], [ -121.210533142999964, 49.774658204000055 ], [ -121.211776733999855, 49.77759933500014 ], [ -121.211830138999957, 49.779544831000123 ], [ -121.208946228999935, 49.781608582000104 ], [ -121.206443786999913, 49.7839660650002 ], [ -121.205513000999971, 49.785610200000107 ], [ -121.203941345, 49.788387300000174 ], [ -121.202568054999972, 49.790500641000172 ], [ -121.202331543999932, 49.790866851000075 ], [ -121.190605163999933, 49.797634126000148 ], [ -121.187660216999959, 49.798786164000063 ], [ -121.183219908999931, 49.805690766000147 ], [ -121.184463501999986, 49.807842254000178 ], [ -121.184707640999932, 49.80822754000009 ], [ -121.187294007, 49.809959411000129 ], [ -121.188079833999893, 49.813270569000125 ], [ -121.183586120999948, 49.819263459000013 ], [ -121.180015562999941, 49.822048187000078 ], [ -121.179985046999889, 49.822071076000135 ], [ -121.17694091899989, 49.821769714 ], [ -121.176536559999946, 49.821731567000121 ], [ -121.174667357999908, 49.821990967000062 ], [ -121.168022155999964, 49.822917938000117 ], [ -121.164115905999935, 49.822982789000086 ], [ -121.163612364999949, 49.822990419 ], [ -121.158775329999969, 49.82220459000014 ], [ -121.15485382199995, 49.82156753500005 ], [ -121.152976988999967, 49.822170258000085 ], [ -121.151519774999926, 49.822635650000045 ], [ -121.149833678999968, 49.823875428000186 ], [ -121.147544861999961, 49.825565339000114 ], [ -121.146514892999917, 49.825721742000106 ], [ -121.145401000999925, 49.825889587000106 ], [ -121.141120910999916, 49.826049805000146 ], [ -121.135932922999984, 49.826240539000032 ], [ -121.123908996999887, 49.825759889 ], [ -121.118530273999909, 49.826450348 ], [ -121.108856200999909, 49.829448699000068 ], [ -121.102882385999919, 49.833320618000066 ], [ -121.102798461999882, 49.834251404000142 ], [ -121.102706907999959, 49.835182190000069 ], [ -121.109909057999985, 49.839588166000119 ], [ -121.112579345999961, 49.842243194000055 ], [ -121.116020201999916, 49.845066071000126 ], [ -121.116340636999936, 49.845569612000119 ], [ -121.116722106999973, 49.846183778000132 ], [ -121.113449096999886, 49.847957611000098 ], [ -121.109512328999941, 49.849262238000101 ], [ -121.104919433999953, 49.850791932000035 ], [ -121.104553221999936, 49.850944519000151 ], [ -121.098175047999973, 49.853668214000116 ], [ -121.091461180999943, 49.856418610000027 ], [ -121.091247558999953, 49.856506347000064 ], [ -121.08997344899997, 49.855590821000227 ], [ -121.088760376999858, 49.854721071000107 ], [ -121.085876464999942, 49.854713440000133 ], [ -121.08631897, 49.856536865999985 ], [ -121.08685302799995, 49.857425690000191 ], [ -121.088088987999967, 49.859477996000159 ], [ -121.091056824999953, 49.86178207400004 ], [ -121.092422486, 49.862842559000065 ], [ -121.09366607699998, 49.864929199000073 ], [ -121.094131469, 49.865703583000077 ], [ -121.094749449999881, 49.867839813000067 ], [ -121.09575652999996, 49.87137603900009 ], [ -121.096321105999877, 49.872112273000035 ], [ -121.097221373999957, 49.873283386000075 ], [ -121.099212646999945, 49.872543336000163 ], [ -121.103324889999953, 49.870197296000185 ], [ -121.106964109999964, 49.867019654000174 ], [ -121.109062195999911, 49.86692428500016 ], [ -121.109588622999922, 49.866901399000035 ], [ -121.11125183099989, 49.867401123000022 ], [ -121.118225098, 49.86733627400006 ], [ -121.119277954999973, 49.867103575999927 ], [ -121.123550414999912, 49.866149902000132 ], [ -121.12560272099995, 49.864768982000101 ], [ -121.127563475999906, 49.863449097000085 ], [ -121.127662657999963, 49.863384247000177 ], [ -121.130172729999913, 49.862388610000117 ], [ -121.130355833999928, 49.862316131999975 ], [ -121.134017944999925, 49.862083436000141 ], [ -121.140411376999921, 49.861675262000126 ], [ -121.143112181999982, 49.86039733900018 ], [ -121.145507811999906, 49.860141755000164 ], [ -121.146499632999962, 49.86003494200007 ], [ -121.149909973, 49.860301972000187 ], [ -121.152458191999983, 49.860500336000058 ], [ -121.157707214999959, 49.860267638000174 ], [ -121.158660887999986, 49.860225679000187 ], [ -121.160110472999932, 49.860282899000055 ], [ -121.163734434999938, 49.860542298000162 ], [ -121.166206358999901, 49.860721589000121 ], [ -121.169509887999936, 49.861537933000172 ], [ -121.172401428999976, 49.862613678000109 ], [ -121.172431944999985, 49.862918855000046 ], [ -121.172660827999891, 49.865146637000187 ], [ -121.173606872999926, 49.866771698000065 ], [ -121.173561095999958, 49.866996766000042 ], [ -121.17350006099997, 49.867309571000085 ], [ -121.173202513999968, 49.868827819000089 ], [ -121.172546385999908, 49.87027740500011 ], [ -121.171836852999931, 49.871833802000019 ], [ -121.171783446999939, 49.872104645000171 ], [ -121.171707153999947, 49.872501374000173 ], [ -121.171401976999903, 49.874050140999984 ], [ -121.17027282699992, 49.875606537000181 ], [ -121.169845582, 49.876201630000118 ], [ -121.166221618999941, 49.878944398000023 ], [ -121.164062500999975, 49.881908417000055 ], [ -121.161231994999966, 49.884197235000109 ], [ -121.159179686999948, 49.885005950000149 ], [ -121.157989500999861, 49.88579177900003 ], [ -121.157302855999902, 49.886249543000083 ], [ -121.156929015999935, 49.887359620000161 ], [ -121.157417296999924, 49.888092042000082 ], [ -121.157684326999927, 49.888149262000141 ], [ -121.158515930999911, 49.888328553000136 ], [ -121.159454344999901, 49.888168336000106 ], [ -121.159866333999972, 49.88809585500006 ], [ -121.160621641999953, 49.887752534000199 ], [ -121.163154602999882, 49.886596680000082 ], [ -121.164840696999988, 49.886302948000157 ], [ -121.167686462999896, 49.88642883400005 ], [ -121.169464110999968, 49.885562896000195 ], [ -121.170455932999985, 49.884441376000098 ], [ -121.171142577999944, 49.883663177000145 ], [ -121.172225952999938, 49.883567810000187 ], [ -121.173286438, 49.88347244300013 ], [ -121.181282042999896, 49.883724212000118 ], [ -121.182342529999914, 49.88393402200002 ], [ -121.186141967999959, 49.884681702000144 ], [ -121.195869445999961, 49.887390137000089 ], [ -121.197692871999877, 49.88816452000016 ], [ -121.199859617999934, 49.89048385700012 ], [ -121.201156616, 49.891113281000187 ], [ -121.203895569999929, 49.892448426000065 ], [ -121.205299377999893, 49.89345550600008 ], [ -121.205940245999898, 49.893917085000126 ], [ -121.207359313999916, 49.8944816590001 ], [ -121.207931518999942, 49.894710542000162 ], [ -121.21313476499995, 49.894817352000118 ], [ -121.216468810999913, 49.895179749000214 ], [ -121.219909667999957, 49.895065309000145 ], [ -121.220298765999985, 49.894905091000183 ], [ -121.222526549999941, 49.893997193000232 ], [ -121.224540709999985, 49.892250062000123 ], [ -121.225967406999985, 49.891014099000117 ], [ -121.226081846999918, 49.890789033000132 ], [ -121.227325439999888, 49.888305664000058 ], [ -121.228057861999957, 49.886192323000145 ], [ -121.228561400999936, 49.884746553000049 ], [ -121.228919982999983, 49.884365082000031 ], [ -121.230369567999972, 49.882831573000068 ], [ -121.232208251999978, 49.882732391000047 ], [ -121.234725951999906, 49.883163453000208 ], [ -121.235115049999933, 49.883232117000148 ], [ -121.236946105999948, 49.88222503700014 ], [ -121.23776245199997, 49.881290436000064 ], [ -121.238204954999901, 49.880779267000122 ], [ -121.240165709999985, 49.880149842000193 ], [ -121.243141173999945, 49.879638671 ], [ -121.249206542999943, 49.877883911000133 ], [ -121.252738952999962, 49.877677917000142 ], [ -121.257766723999907, 49.877380370000139 ], [ -121.259231567999976, 49.877029419000152 ], [ -121.26015472399996, 49.876808166000011 ], [ -121.262397765999935, 49.874652862000083 ], [ -121.262100219999937, 49.872997285000096 ], [ -121.262748717999955, 49.872154234999968 ], [ -121.262954711999953, 49.871902466000058 ], [ -121.263526916999936, 49.87174224800011 ], [ -121.265220640999971, 49.871273041000123 ], [ -121.272499083999946, 49.871337892000049 ], [ -121.272537230999845, 49.871337892000049 ], [ -121.278381347999925, 49.872371673000032 ], [ -121.280441283999949, 49.872154234999982 ], [ -121.281349182, 49.87205886800016 ], [ -121.28438568099989, 49.872417449999979 ], [ -121.284919738999918, 49.872558594000175 ], [ -121.28572845399998, 49.872772217000104 ], [ -121.287368773999958, 49.873527527000135 ], [ -121.289649963, 49.874576569000062 ], [ -121.290985107999973, 49.877296449000021 ], [ -121.291023254999914, 49.877296449000021 ], [ -121.291130064999962, 49.877300264000084 ], [ -121.29190063399993, 49.878551483000088 ], [ -121.291961668999932, 49.878658295000101 ], [ -121.292175293999946, 49.878784181000157 ], [ -121.293708800999966, 49.879699705999947 ], [ -121.29481506299993, 49.880214691000113 ], [ -121.295738220999951, 49.880645753000103 ], [ -121.296737669999956, 49.881660461000124 ], [ -121.297393798999977, 49.882328034000096 ], [ -121.299423217999973, 49.884040832000053 ], [ -121.300544738999918, 49.884471893000018 ], [ -121.300933836999945, 49.884620667000121 ], [ -121.301414488999953, 49.884632110000119 ], [ -121.304908752999935, 49.884716034000085 ], [ -121.306762694999975, 49.884265900000194 ], [ -121.307693480999887, 49.884044647000103 ], [ -121.311576842999941, 49.883098603000121 ], [ -121.314788818999943, 49.883129120000092 ], [ -121.315628052999955, 49.883167266000015 ], [ -121.317481994999923, 49.883251190000088 ], [ -121.319702148999951, 49.884750366000091 ], [ -121.320114135999958, 49.885162354999984 ], [ -121.320747374999925, 49.88579177900003 ], [ -121.321029662999933, 49.887226104000156 ], [ -121.31993866, 49.889335633000165 ], [ -121.319252014999961, 49.890052796000049 ], [ -121.317527771999877, 49.891868592000037 ], [ -121.316337585999932, 49.893852233999972 ], [ -121.316619871999933, 49.894832611000034 ], [ -121.317398070999957, 49.895355225000102 ], [ -121.317848204999962, 49.895656586000101 ], [ -121.319580077999873, 49.897895814000087 ], [ -121.319786072999989, 49.898162842 ], [ -121.321456908999949, 49.898857117000141 ], [ -121.323905945999968, 49.899875642000133 ], [ -121.32344818199995, 49.901367187000183 ], [ -121.31918334999996, 49.903038025000079 ], [ -121.315063476999981, 49.907279969 ], [ -121.31598663199992, 49.909671783000228 ], [ -121.315429687999938, 49.912242889000161 ], [ -121.312965392999899, 49.913036346000098 ], [ -121.312469481999983, 49.913196564000053 ], [ -121.312400816999954, 49.913188935000058 ], [ -121.299514769999973, 49.911697388000057 ], [ -121.293624876999957, 49.91402816700009 ], [ -121.293495177999887, 49.914081574999969 ], [ -121.292877196999939, 49.915054321000085 ], [ -121.291824339999948, 49.916709900000178 ], [ -121.289138793999896, 49.918621063000117 ], [ -121.287094116, 49.925552368000105 ], [ -121.286735533999888, 49.926239014000089 ], [ -121.286155701999974, 49.927345276000189 ], [ -121.286796569999964, 49.931468964000089 ], [ -121.286231995, 49.93702697800007 ], [ -121.28614044099993, 49.940792084000194 ], [ -121.287429808999931, 49.944179535000131 ], [ -121.287933349999946, 49.945514680000187 ], [ -121.287559509999937, 49.947425842000051 ], [ -121.284126281999974, 49.949874877000099 ], [ -121.282615660999966, 49.951824188000067 ], [ -121.282272339999906, 49.952262879000095 ], [ -121.282218932999925, 49.952598572000056 ], [ -121.281990051999898, 49.953998565000134 ], [ -121.28292846599993, 49.95574188200009 ], [ -121.284118651999904, 49.957942963000072 ], [ -121.283187866, 49.960033418000087 ], [ -121.28289794899996, 49.960186005000068 ], [ -121.280403136999951, 49.961524963000059 ], [ -121.272338866999917, 49.962177276000013 ], [ -121.269729614999946, 49.96247863800005 ], [ -121.268722534999938, 49.962593078000161 ], [ -121.267333985, 49.964084625000154 ], [ -121.270935058999953, 49.968753814000046 ], [ -121.271018981999987, 49.973052978000183 ], [ -121.270042419, 49.973480226000142 ], [ -121.268417357999923, 49.974189759000133 ], [ -121.268417357999923, 49.975452423000156 ], [ -121.268417357999923, 49.975982666000057 ], [ -121.274620055999932, 49.981307983000072 ], [ -121.275840758999934, 49.982040405000077 ], [ -121.277214049999884, 49.982864380000123 ], [ -121.27748107799988, 49.984714507000021 ], [ -121.277435302999891, 49.984737396000085 ], [ -121.272567749999951, 49.98704528900015 ], [ -121.272842407999903, 49.988895416000133 ], [ -121.277328490999949, 49.991409301000061 ], [ -121.280670164999947, 49.992130280000126 ], [ -121.281410216999973, 49.993087769000049 ], [ -121.281684874999883, 49.993446351000046 ], [ -121.282211303999944, 49.994125365999963 ], [ -121.283348082999908, 49.995601655000051 ], [ -121.287399292999908, 49.997768402000204 ], [ -121.291641235999975, 50.00004577600015 ], [ -121.29206085099996, 50.000267029000042 ], [ -121.291870116999917, 50.002422332000108 ], [ -121.290290832999986, 50.003124237000144 ], [ -121.289436340999885, 50.003517151 ], [ -121.287788390999978, 50.004928589000066 ], [ -121.287406920999942, 50.008037568000198 ], [ -121.289657592999902, 50.010940551000132 ], [ -121.290000914999894, 50.011386872 ], [ -121.301498412999948, 50.017253877000073 ], [ -121.302703856999855, 50.019107819000148 ], [ -121.30281829799992, 50.01954650900003 ], [ -121.303161620999916, 50.020900726000079 ], [ -121.306968689999977, 50.023357391000125 ], [ -121.309654235999929, 50.025089264000087 ], [ -121.313560485999915, 50.026737214000072 ], [ -121.317588807, 50.028438569000066 ], [ -121.318695068999929, 50.031070709000034 ], [ -121.319198607999965, 50.031421661000124 ], [ -121.320739744999898, 50.032505036000131 ], [ -121.324630736999879, 50.033344269000068 ], [ -121.326187132999905, 50.035640716000081 ], [ -121.327789307999879, 50.038009644000148 ], [ -121.327507018999952, 50.039741516000106 ], [ -121.326789855999948, 50.040126801000113 ], [ -121.324722288999865, 50.041236878000198 ], [ -121.322677612999939, 50.043987275000106 ], [ -121.323883056999932, 50.046436310000153 ], [ -121.322212219, 50.047870637000074 ], [ -121.318679808999931, 50.048709869 ], [ -121.31598663199992, 50.050319671000175 ], [ -121.315475462999913, 50.05130005000003 ], [ -121.314774010999898, 50.052654265999983 ], [ -121.326546, 50.052654000000217 ] ] ] } }
]
}
